
DROP TABLE IF EXISTS user;
DROP TABLE IF EXISTS survey;
DROP TABLE IF EXISTS activity;
DROP TABLE IF EXISTS treatments;
DROP TABLE IF EXISTS infos;
DROP TABLE IF EXISTS pages;
DROP TABLE IF EXISTS werun;

CREATE TABLE user (
  id INTEGER PRIMARY KEY AUTOINCREMENT,
  user_id INTEGER NOT NULL,
  day INTEGER NOT NULL,
  wechat_id TEXT NOT NULL,
  treatment TEXT NOT NULL,
  user_id_hashid TEXT NOT NULL,
  day_hashid TEXT NOT NULL,
  cohort INTEGER NOT NULL
);

INSERT INTO user (user_id, day, wechat_id, treatment, user_id_hashid, day_hashid, cohort)
VALUES
  (1, 99, 'BIBOBBY18dream', 't', 'h', 'h', 1),
  (2, 99, 'Yee_970611', 't', 'h', 'h', 1),
  (3, 99, 'cherry_akashi', 't', 'h', 'h', 1),
  (4, 99, 'imwangdanqing', 't', 'h', 'h', 1),
  (5, 99, 'jiahui--1314', 't', 'h', 'h', 1),
  (6, 99, 'littlebadfox', 't', 'h', 'h', 1),
  (7, 99, 'lqy18810609835', 't', 'h', 'h', 1),
  (8, 99, 'n1015857581', 't', 'h', 'h', 1),
  (9, 99, 'scn960221', 't', 'h', 'h', 1),
  (10, 99, 'wby0209', 't', 'h', 'h', 1),
  (11, 99, 'wby0209', 't', 'h', 'h', 1),
  (12, 99, 'wxid_3y8b2ve5a8pt21', 't', 'h', 'h', 1),
  (13, 99, 'wxy19951129cjy', 't', 'h', 'h', 1),
  (14, 99, 'yznRCS', 't', 'h', 'h', 1),
  (15, 99, 'Crier-L', 't', 'h', 'h', 2),
  (16, 99, 'Ggg_000000001', 't', 'h', 'h', 2),
  (17, 99, 'LotusP731', 't', 'h', 'h', 2),
  (18, 99, 'Rocky19981203', 't', 'h', 'h', 2),
  (19, 99, 'Zziyi_1996', 't', 'h', 'h', 2),
  (20, 99, 'huangxuebinghh', 't', 'h', 'h', 2),
  (21, 99, 'jta18867921184', 't', 'h', 'h', 2),
  (22, 99, 'xujia837', 't', 'h', 'h', 2),
  (23, 99, 'Azure_Era', 't', 'h', 'h', 3),
  (24, 99, 'BillMactavish', 't', 'h', 'h', 3),
  (25, 99, 'DoubleInfinity1998', 't', 'h', 'h', 3),
  (26, 99, 'Gerrygorelxy', 't', 'h', 'h', 3),
  (27, 99, 'H1075646651', 't', 'h', 'h', 3),
  (28, 99, 'LIlu900201', 't', 'h', 'h', 3),
  (29, 99, 'LZR29866760', 't', 'h', 'h', 3),
  (30, 99, 'QJX13363915119', 't', 'h', 'h', 3),
  (31, 99, 'WHEARTS', 't', 'h', 'h', 3),
  (32, 99, 'XADoris', 't', 'h', 'h', 3),
  (33, 99, 'Xingfuma0707', 't', 'h', 'h', 3),
  (34, 99, 'angeladou1328741646', 't', 'h', 'h', 3),
  (35, 99, 'bzg956999644', 't', 'h', 'h', 3),
  (36, 99, 'dcy961201', 't', 'h', 'h', 3),
  (37, 99, 'fan414692262', 't', 'h', 'h', 3),
  (38, 99, 'jizhiruwo123456', 't', 'h', 'h', 3),
  (39, 99, 'jpf691008', 't', 'h', 'h', 3),
  (40, 99, 'maoruofan1219', 't', 'h', 'h', 3),
  (41, 99, 'qiaomu12306', 't', 'h', 'h', 3),
  (42, 99, 'qiaosan_weixin', 't', 'h', 'h', 3),
  (43, 99, 'rrrmt1', 't', 'h', 'h', 3),
  (44, 99, 'sun108861931', 't', 'h', 'h', 3),
  (45, 99, 'ttytll', 't', 'h', 'h', 3),
  (46, 99, 'weijiajie898676919', 't', 'h', 'h', 3),
  (47, 99, 'weiyutu', 't', 'h', 'h', 3),
  (48, 99, 'wh997912782', 't', 'h', 'h', 3),
  (49, 99, 'wolfieemo', 't', 'h', 'h', 3),
  (50, 99, 'wsj5523220', 't', 'h', 'h', 3),
  (51, 99, 'wx13992366388', 't', 'h', 'h', 3),
  (52, 99, 'wxid_0wpd276jr9f622', 't', 'h', 'h', 3),
  (53, 99, 'wxid_20bvofufsh6z22', 't', 'h', 'h', 3),
  (54, 99, 'wxid_7616946168811', 't', 'h', 'h', 3),
  (55, 99, 'wxid_d8x5pl6sbqta22', 't', 'h', 'h', 3),
  (56, 99, 'wxid_eby9vbrixm7i22', 't', 'h', 'h', 3),
  (57, 99, 'wxid_jhg4xpel5gri21', 't', 'h', 'h', 3),
  (58, 99, 'wxid_lbm8xlhe1mr821', 't', 'h', 'h', 3),
  (59, 99, 'wxid_wkmkdy6jxqo22', 't', 'h', 'h', 3),
  (60, 99, 'wzrzyx', 't', 'h', 'h', 3),
  (61, 99, 'xaflyfly', 't', 'h', 'h', 3),
  (62, 99, 'xiongaidashu', 't', 'h', 'h', 3),
  (63, 99, 'youge1028', 't', 'h', 'h', 3),
  (64, 99, 'z18992318877', 't', 'h', 'h', 3),
  (65, 99, 'zhang805405725', 't', 'h', 'h', 3),
  (66, 99, 'zidungxiang', 't', 'h', 'h', 3),
  (67, 99, 'zjm132325', 't', 'h', 'h', 3),
  (68, 99, 'zyh55416', 't', 'h', 'h', 3),
  (41004844, 8, '19921891007', 'T2', '6gL3DB1qdaxeqKwW', 'aNDYy8Mq8O', 4),
  (41106470, 8, 'wxid_fviwiei4j5x412', 'T3', '5kaD4pB1nW1R2VlL', 'e9xleGYWZO', 4),
  (41107709, 8, 'aliceluck', 'T1', 'qPKDwEg4orY1x96z', 'QjyNGkNOlP', 4),
  (41109482, 8, 'ElaineWinnie', 'T1', '1EzoWN87p8x40Oev', 'eOKaYbjZnw', 4),
  (41111612, 8, 'mengliuxi2010', 'T3', 'ZKvD5WoM27j59Ay1', 'BEzjn45eWM', 4),
  (41112963, 8, 'C2013072736', 'T1', 'wBGXpBaoPYNl8Rqy', 'lM31ZyGLV5', 4),
  (41114824, 8, 'a39843160', 'T4', 'o1LE5l12lb67q82v', 'J4oBnOgble', 4),
  (41118820, 8, 'lihui123____', 'T3', 'yonDOBVomgPOZ8Gk', 'QBVknA72g3', 4),
  (41120393, 8, 'DawnCHEN12', 'T2', 'Wwvn1wobwx01R9o4', 'lVBye9yAKW', 4),
  (41122511, 8, 'wxid_tsmlvx3ua4qp22', 'T2', 'r3do0zq7K7eglxWe', 'g9pwnRw4Nr', 4),
  (41123384, 8, 'wxid_eilo515dosie21', 'T3', 'Jjx4kVol2m9a5LPM', 'WwzAMd4Lmq', 4),
  (41124814, 8, 'ggmmd0', 'T4', 'MzXORjm3nkE6Nr79', 'wNkBJayGq8', 4),
  (41126698, 8, 'zxh-19980602', 'T1', 'YE6M7n6ovGd7a9mB', 'Z6ORngv4mw', 4),
  (41127011, 8, 'dhh11191106', 'T2', 'O6L9EzM7PeP0wxKz', 'JdWwnQzLNl', 4),
  (41128991, 8, 'hubiao950918', 'T2', 'BWba1bWRKQlvljxw', '9XmMevbleE', 4),
  (41129485, 8, 'leguamer_tt-1', 'T1', '30W45Dzq6QL8obGR', 'l5nmRZm2Pv', 4),
  (41131833, 8, 'wxid_51ki7mo42vwy22', 'T1', 'brLoMl9WQBl7zjQO', 'YK80yrG9dp', 4),
  (41132130, 8, 'wenjingMa94', 'T3', 'G53p4yJdaoNKARj9', 'ywzKQxYA1o', 4),
  (41133755, 8, 'woaiwoziji_guolei', 'T3', '3WeM82EYOJXBJ02D', 'NGvPW29kXA', 4),
  (41134121, 8, 'im-possible-', 'T4', 'Qdlw3qG464A0W9ZM', 'vPrwnWObBg', 4),
  (41135682, 8, 'EmilyJovovich', 'T4', 'GP6oZQY2LXjZM10W', 'WBjYa8dJl0', 4),
  (41136889, 8, 'Eason9382', 'T4', '5AvmgELJe1pQNKMJ', 'nLYKzyG8vp', 4),
  (41137830, 8, 'kakalzo', 'T4', 'GAOyNOAkdVezW1PK', '2gV8eGMwnl', 4),
  (41140519, 8, 'lvyifanLVYIFAN', 'T4', 'E3QYlx177AJgGJ9j', 'M2oXnd9mla', 4),
  (41141544, 8, 'liangyue3666', 'T4', 'xXv5Wj4ww3ymQgaG', 'OnZ97a1xmV', 4),
  (41142751, 8, 'wxid_yd4ek2qwm8i822', 'T2', 'ar7zeB1o2VagdRwM', 'wdRy4YVLZ0', 4),
  (41144132, 8, 'xuyue18725387695', 'T3', 'dQqPLjBZnP0LKB9O', 'Q3Yd3GdqOm', 4),
  (41145013, 8, 'CSM1551680495', 'T2', 'p2bL5ax7DyRq7zaB', '03j29Q2DEr', 4),
  (41147905, 8, 'Heroxmk', 'T4', 'KGgeRLLEjKvRpZMr', 'mKAJGA7L5a', 4),
  (41148503, 8, 'SwanLau_', 'T1', '2X3nadKxG3PLv7jg', 'OZq2a61eBJ', 4),
  (41149972, 8, 'zhengtao-x', 'T1', 'ew0zQMXg0k8OvnDk', 'XdxGOa54R2', 4),
  (41150828, 8, 'YZP0202-', 'T4', 'ryR08Ay7Erm8JVNY', '5xGKGEaQ3o', 4),
  (41151836, 8, 'AnInterestingPanda', 'T2', 'VmLO4W6arPJBRGjA', 'pl2jGA3DX0', 4),
  (41152784, 8, 'zml19660306', 'T3', 'Z5eOg2ZLl9rgVQla', '5BrPBQ8A3a', 4),
  (41153337, 8, 'hare-1', 'T2', 'PRel8eyOG4Y8p0Ez', 'MaOd4pdbl7', 4),
  (41154113, 8, 'LI12126972NUO', 'T3', 'qy0mNdO6rwblR6zM', 'MG7e8NZQOw', 4),
  (41156553, 8, 't11700107', 'T4', 'e4wnk13ybL0gdNZ9', 'O68kP8kN5g', 4),
  (41157520, 8, 'g182351520', 'T2', 'AD4kLBNnry2LWn9z', '0RBg3a4mDq', 4),
  (41158332, 8, 'ayuhello', 'T4', 'aNqG9qRAWlKMDngo', 'l5Dge1geEV', 4),
  (41160959, 8, 'zqlxialanjin0216', 'T3', 'JvDL7nM1eKJ5oVXA', 'rgXV30z7Z3', 4),
  (41161391, 8, 'jz6229', 'T4', 'eY5Eaddxj14aoDMw', '3a75aM5wdn', 4),
  (41162186, 8, 'iamxiaoluo', 'T1', 'YvzM3r5ez65k1QnP', 'DQdzG3zNaO', 4),
  (41164841, 8, 'YiDanna_Zhang', 'T1', 'eoqBmDg5gxYW0OE2', 'ZmN9G7967l', 4),
  (41165989, 8, 'Stan-Brabbit', 'T3', '0OJVWO0YKBN8K3NB', 'KmwnBqjGRM', 4),
  (41166681, 8, 'wulacc', 'T4', 'ozeqABb2d89A8OX9', 'PKlqKOqZ49', 4),
  (41167049, 8, 'Zyy892898685', 'T4', 'M4nJjdZEVl5vBZ9R', 'wNdgkd9oRr', 4),
  (41168365, 8, 'zhaoxia4817', 'T1', 'rwRzP8OEYg8x3kKW', 'wzNEX2xlgA', 4),
  (41170067, 8, 'wxkwxhna', 'T1', '7JWMZk6rAJl2VYPp', 'kZv3aP1zn7', 4),
  (41171018, 8, 'dyq2104347152', 'T3', 'WqNB2dJ9KEZRQP4d', 'VgExQrpZk1', 4),
  (41182505, 8, '广东 湛江', 'T4', 'wYOZ2dnxv7ZMxpNe', 'vryqa7Rz0E', 4),
  (41183949, 8, 'jing_1996', 'T4', '21e7GZojkz3XkOnA', '0lW1X41gRw', 4),
  (41184099, 8, 'refine6521', 'T3', '4kxezydKnrj5m2pv', 'wVgnk2K1ZD', 4),
  (41185115, 8, 'Sillyfox_1997', 'T1', 'XLoG5007eQd5E3Qr', 'aNAqaV1on2', 4),
  (41186381, 8, 'charlie_yu_0803', 'T2', 'VP6egAXd5qr3OwRN', 'PQmBk2nM0j', 4),
  (41187861, 8, 'SockyChan888', 'T1', 'VPZB9PgWalYxYnwN', 'QPaqk7qeYA', 4),
  (41188319, 8, 'shuyejuelao', 'T2', 'Y62yX9dK1e4Ek17v', 'yXvz3gzKgW', 4),
  (41197693, 8, 'wo912190723', 'T2', '06EDgEYX4OGgRpP7', 'X2jpkAgqdx', 4),
  (41198689, 8, 'sj714823587', 'T1', 'k4pPmBD8rnv0WDqK', 'VR84Y7bMap', 4),
  (41199704, 8, 'SCYang-', 'T2', 'a90GAQ8zMR5q54rn', '1ypAzrAoPQ', 4),
  (41200198, 8, 'mikeconely', 'T2', 'Y571K796AzElELAV', 'OQag3Gg0LM', 4),
  (41201591, 8, 'YOUNG--YOUNG21', 'T4', 'QWPzJ6jn599Jq4dg', 'Pk37e02Xzn', 4),
  (41202110, 8, 'ls954606775', 'T3', 'JQM5jAkDR8WeBAqb', 'ezoLeoOJBj', 4),
  (41203344, 8, 'zhaocr2000', 'T3', 'Pyzn5qAKrpX5qWwM', 'bKVREz6e0Z', 4),
  (41204336, 8, 'zyd0717', 'T1', '9yQzWNzq6znWAq68', '89p3Qp5wdJ', 4),
  (41205241, 8, 'mariehmj', 'T2', '1A7ZQGON4gwQLR86', 'kdL62A7znG', 4),
  (41206028, 8, 'cyj252431395', 'T1', '9jmE39Q9bnz3xzJy', '8bGEeAEKvx', 4),
  (41207865, 8, 'lzyxiaojizhi', 'T2', 'XNxg0Aok2pGM9kBK', 'gKB2KxQmr4', 4),
  (41208426, 8, 's1071687079', 'T3', 'rNpK6wr3LENl87aQ', 'l02D41AVdy', 4),
  (41209814, 8, 'Smile_oxx', 'T4', 'RJdV59dA2ovw0yL9', 'Wr1X8V4LO9', 4),
  (41210133, 8, 'yxl_20001031', 'T1', '2gda6X5037qEYjb3', 'MkonxrBd7K', 4),
  (42005812, 8, 'kangld_sh', 'T4', 'o0ynrMAvPvYrpNK8', 'jQ3raRg698', 4),
  (42006820, 8, 'Amy_xuchengze', 'T2', 'BXRDWvBbO6VWbGN0', 'Za4razkNWe', 4),
  (42007038, 8, 'szxxingfugangwan', 'T1', 'G50Obz49Ol6Xa3mz', '2qG9kJgr1v', 4),
  (42008987, 8, 'lzh18321997059', 'T2', '0pOqno8XRWJxbR9D', 'rLnGaK6d3A', 4),
  (42009472, 8, 'zhaoyang1999330', 'T1', 'G5MX0zEXwogdzVoD', 'zeaW1PZJD4', 4),
  (42010959, 8, 'x96feng', 'T4', 'MvRmdzbvA0Xd1XEg', 'Q9qnawjJZD', 4),
  (42011302, 8, 'my13192335963', 'T3', 'XWYNJrG2zoaM1ga9', 'lQpZnNZogy', 4),
  (42012447, 8, 'wxid_prb73l568ld122', 'T3', 'ql8QMzNbR59M9xjA', 'DY4Gk25QLP', 4),
  (42013283, 8, 'Akunomee', 'T2', 'Md0W2gbaakgnNeOD', 'x783e0ZG4N', 4),
  (42014723, 8, 'XSZX95', 'T2', 'AP06eN5QQNlWknJG', 'YGPV7d3wDr', 4),
  (42015207, 8, 'MRrvvw', 'T4', 'ZDgREW1jxaaL1XwQ', 'ybo75a73l0', 4),
  (42016820, 8, 'zxd20000311', 'T4', 'gO07yxlPxaVykRJb', '1EBae0ngyN', 4),
  (42017535, 8, 'jxsue19970125', 'T3', 'vjxwzJMVMM8l4mMe', 'eA6ReER9EQ', 4),
  (42018553, 8, 'wxid_1tq4ds5v5jzd22', 'T2', 'reLy9gKeKZo9ZA21', 'DX4ZAvjyvG', 4),
  (42019796, 8, 'champagne96', 'T4', 'kNmOv2NgX7EvdoJD', 'brJ0RQqgyn', 4),
  (42020062, 8, 'shiny-3H', 'T4', '8ko0E0o8V1AdZnLK', 'd8jOYKpZV6', 4),
  (42021240, 8, 'cvi0520', 'T4', 'dG2o1VmBLGG9NKW7', 'MEp8QG70oQ', 4),
  (42022183, 8, 'wz442641436', 'T4', '4pnm1eYjO4V190b3', 'nG3gaLkRJZ', 4),
  (42023104, 8, 'blackraker', 'T3', 'z3gQm47LWp3qoJKn', 'bAaGYrmo3l', 4),
  (42024127, 8, 'wymuahhh', 'T4', 'vg6OEpnVBwxrae8Z', '1yqgadvQ7B', 4),
  (42025633, 8, 'Selina-ZYYY', 'T3', '4Z1JDmJ7MozlWjV3', 'P7v4yJlxBV', 4),
  (42026798, 8, 'a1006854403', 'T1', 'dPRG5zLE6ejJXpyM', '9wrqaWYdAe', 4),
  (42027285, 8, 'gwx15951657199', 'T1', 'Qj73DB0GOYMdY6aJ', '7QneavAbaw', 4),
  (42028270, 8, 'ycfszd1', 'T3', 'rMNRgRyNorWlkmZK', 'P972nxrDl1', 4),
  (42028575, 8, 'ycfszd1', 'T3', 'ObGPg5aEqzRgx3eR', '2yW1nz1mYp', 4),
  (42028872, 8, 'ycfszd1', 'T3', '2yvmqGOzR7JqPMER', 'BG6MnevJKE', 4),
  (42029125, 8, 'yumitou1997', 'T3', '3RApr8wYAwA7Goge', 'Ewr6nb6Rv3', 4),
  (42030230, 8, 'LuckyLZJ_0528', 'T1', 'X5OKYxGrd614E9BM', 'vlMY6D0K8b', 4),
  (42031316, 8, 'ss47550', 'T2', 'd4yKQMloKBm5jGX7', '4jPbvZbOvx', 4),
  (42032278, 8, 'Dxy1259413425', 'T1', 'q4XnjMgOE40dw3MJ', 'xMbW1YWkd8', 4),
  (42033517, 8, 'bh15293496061', 'T2', 'kWXlLz76jX6gG50D', 'wB35nW80Xa', 4),
  (42035766, 8, 'wxid_r9f7vmbxc0nv22', 'T2', 'zjyQMeXp1l46PV32', '8m6MNe29dl', 4),
  (42037069, 8, 'zxcvbzxcvb987789', 'T1', 'gqYyWL2eZjL7o3Xp', 'eBwpGxYVra', 4),
  (42038049, 8, 'sher1991xyx', 'T1', 'R4QMD2jMqWMDXOq2', '9m7namnZ32', 4),
  (42039688, 8, 'inovin', 'T3', 'WmEl9DjNbEX4pk0b', 'XZoqkMJ9KO', 4),
  (42042439, 8, '_Fiona_Lulu', 'T1', 'nMkYOjrjk4ZOX2Pp', 'jO0ykzeoZv', 4),
  (42044805, 8, 'Ymmzzc_2', 'T4', 'OxG1gvBZ90LgeaE4', 'POvqeOawRQ', 4),
  (42048854, 8, 'dkt33319990126', 'T1', 'env137XLZ164KD8a', 'ZXmr8wlvJ5', 4),
  (42049043, 8, 'sound-feel-forever', 'T3', 'ra6l7ogEarw74n8W', '1YzQarmM0l', 4),
  (42051342, 8, 'goldenbold', 'T3', 'YV8Znw1RALrWB2zE', 'xrE5DWjAWv', 4),
  (42052869, 8, 'zhuzhu985716', 'T4', 'daLgmd4PkVAmV68o', 'PpW86G0J5l', 4),
  (42054225, 8, 'SERENA12-24', 'T3', 'p3xaKAGyny34oRAJ', 'krmGk3Gd5n', 4),
  (42056294, 8, 'ShawnWang0930', 'T1', 'rd9bjWwonyNj8Dp4', 'YOgJknQkoj', 4),
  (42057670, 8, 'L5474474', 'T3', 'Nar1JRxeb4lAe3Xm', 'Kl3AGXVELR', 4),
  (42059067, 8, 'usefully', 'T4', '4WOEJd8mMEWJKLG2', 'a4kXnBXqRz', 4),
  (42061928, 8, 'zll99927', 'T1', 'wR8ZmE1GELamPJxV', 'rvyz7lDlwk', 4),
  (42063392, 8, 'mengmengwmj', 'T4', 'ZYXz928kxY7l6qWN', 'eXzy2GmBqA', 4),
  (42065820, 8, 'awa89172', 'T1', 'WjM9za62M2XPkLQ1', 'bJyMVo7pZe', 4),
  (42066138, 8, 'kerr_Greenleaf', 'T2', 'BVW0dKXADzokqNQw', 'OyLea1eGPl', 4),
  (42068530, 8, 'tpy0611', 'T1', 'lm9pVPzRDqenqNd4', 'zX9qkD6lnx', 4),
  (42070670, 8, 'ly52837', 'T4', 'vrGBZRvwbK1Z3xJn', 'm8AnakN6lR', 4),
  (42071196, 8, 'sufegaochen', 'T2', 'Oq0j7nBDZgX7RewG', 'GdYOarvjzw', 4),
  (42073125, 8, 'ljjjj0606', 'T3', 'oPvlKAXZx9rmkBED', 'AM3JkpZzkv', 4),
  (42075600, 8, 'winchesterjl', 'T4', 'Eae7dm9Px9zdDkXx', 'vDgeAXd2nw', 4),
  (42076790, 8, 'zqq1122334', 'T1', 'r41JQpKW7Dk5nGwV', 'Y792A6gLqo', 4),
  (42077437, 8, 'Chris11784', 'T4', '7NBYm0wQGQzLyOpj', 'B8l4xX49RO', 4),
  (42078926, 8, 'He-Zihan1111', 'T1', 'wZp5VR28LXPVngKL', 'x4oDa7nqMR', 4),
  (42079130, 8, 'L741378264', 'T3', 'rmxyjN179lzPARob', 'RZkqa8N8l0', 4),
  (42080918, 8, 'fuer8995', 'T1', 'WdGbg8EV223XjleD', 'BKEz5PJd5Y', 4),
  (42082129, 8, 'wxid_p35bt2ti68ox22', 'T3', 'Jk4bO3DwvRG8x0QX', 'al8WkAxZn9', 4),
  (42083002, 8, 'WanJun25yt-L3r', 'T3', 'YawRGQPl476K8VQN', 'nvpY4mazZj', 4),
  (42085387, 8, 'Zhuyicheng_junior', 'T2', 'QpNbqo8jv1KZ39oj', '2Z90xD0bE1', 4),
  (42086202, 8, 'Alicia1220-', 'T3', 'mw9l43be82wqdvYO', 'zLR2kNABwv', 4),
  (42087083, 8, 'jiangjun0729', 'T4', 'WMGEvAarYGNvnlBQ', '9e85zGndKN', 4),
  (42088824, 8, 'zll211211zll', 'T4', 'lwZJO1k2eewG8AMy', 'mPBKypny8p', 4),
  (42090341, 8, 'ww976873595', 'T4', 'RkEA9BEPRmynOW0Z', 'A5gZPVb8Rk', 4),
  (42091347, 8, 'yumi_lalala', 'T4', 'BOwg1Xz3gwYdN9Pb', 'q53naZjKrG', 4),
  (42093021, 8, 'sk0012300', 'T3', 'XD2061DZgDmJLyRG', 'EpDbRX83gM', 4),
  (42095656, 8, 'Originalism', 'T2', '1gGw5OXjVrQv4Xnk', '7ENRn2RXgn', 4),
  (43034350, 8, 'yyr19990820', 'T2', 'lzy2mNkJ9JRXBwnQ', 'D7lEaqEB8L', 4),
  (43036952, 8, '丛沐青', 'T1', '9GmD6kdB1YKRJY70', 'RpZJkazY7V', 4),
  (43040218, 8, '人来', 'T2', 'Yxry7MVxV5vmkD5L', 'B0MNayNP29', 4),
  (43041448, 8, 'dermund', 'T2', '5bqpVOvmQoj2ALOY', 'DWMr73rEdq', 4),
  (43043364, 8, 'rachel5198', 'T4', 'YgBM2glEJzrvrkeW', 'lmZqeAqLyj', 4),
  (43045726, 8, 'lijunjie1185546870', 'T3', 'PMY5rGGqNDkrOV37', 'W4rZRomRBj', 4),
  (43046237, 8, 'Ywz2827911078', 'T4', '3qg8OjjQqmXOeEzX', 'BVo62N6W0v', 4),
  (43047978, 8, 'jhgkui', 'T1', 'n1ZGJeK1vNO5AjpM', '8V3J20Aydg', 4),
  (43050683, 8, 'VictoriaYOUNG7', 'T1', 'L8MVEeWjyma5Dvz3', 'Q0rg9kB4Zy', 4),
  (43053262, 8, 'wxid_ae5jv33vwv8e22', 'T2', 'jeYNQKoJboRQJX5A', 'GR8K4xK05V', 4),
  (43055541, 8, 'Laiyigeng', 'T3', 'l59rpD7vkkGm4PXV', 'vmNGAdg5Ml', 4),
  (43058309, 8, 'h15124390604', 'T2', 'nBEZqLawxR8gaLPA', 'Kn58k1ZW13', 4),
  (43060195, 8, 'haaasan687', 'T3', '8N6vGObllM9dPnRb', '7K091wbdXg', 4),
  (43062517, 8, 'yzsxj0913', 'T2', 'DXZnGerDvMjVBE7N', 'qrkbk92AjJ', 4),
  (43064601, 8, 'Qhanasaki', 'T4', 'G2z5XMREbov7jWbx', '2gqQRYEoMV', 4),
  (43067308, 8, 'yj13867569772', 'T2', 'Z9pom0XYZPMmDGEk', '2qPJ7bn7VB', 4),
  (43069923, 8, 'dyh15932059850', 'T2', 'lB1PRl496m2RVL7N', 'VElmk7mMzP', 4),
  (43072382, 8, 'LYdia20160402', 'T3', 'M1XbZM8woxq4aOlm', 'kK9j25v0LD', 4),
  (43074357, 8, 'xirouloveyou', 'T3', 'Jwn9B4yOVaVW7R4y', 'gGxbn3LVX7', 4),
  (43081351, 8, 'OnlyPrinceboy', 'T3', 'mR8Ag179B0DX16ZL', '12JV45PGXE', 4),
  (43084068, 8, 'wyc729553304', 'T2', '8zw127o1jOk27LnE', 'oAgMn3Knem', 4),
  (43092020, 8, 'wulimengjun', 'T1', 'kpqR7RR12PJ7mYZN', 'M1ae816rjD', 4),
  (43094710, 8, 'xx03-27xx', 'T4', '2Y5P65mj5QW6r7Vo', 'Jz0rkBq2oE', 4),
  (43096266, 8, 'wwj18483506823', 'T2', 'w1KgGM5MA2oGolQn', '8A2qR6qVGM', 4),
  (43097458, 8, 'HT_WYN', 'T1', 'q64DN4x6RqKNWOPR', 'n97dXzwjbJ', 4),
  (43098981, 8, 'fx_991022', 'T2', 'ypMQVOeD0rJkRzZq', 'We0K2rK6mZ', 4),
  (43099807, 8, 'wxid_0q1c25bbhc6g22', 'T3', 'aR3MNwn09ZOQzBd7', '0v2p3Rw15e', 4),
  (43100547, 8, '作用于2222266', 'T2', 'kXPRdzJ73RWd5o6O', 'WGeOk46MyZ', 4),
  (43101282, 8, 'zyy22222266', 'T2', 'w8EXjzEbYd8WrOAv', 'zYkOwN6BQE', 4),
  (43102497, 8, 'Avelve', 'T3', 'pEGMdpylp1rmLbK6', 'goB6aZkV7P', 4),
  (43103931, 8, 'zxy_99-05-06', 'T1', 'v4qR1EaMN2j1Zw2E', 'lewB4DBkYQ', 4),
  (43104616, 8, 'oneinlove6688', 'T4', 'VpKr71OogrbNb8nA', 'OkvAner160', 4),
  (43105138, 8, 'wxid_qge8wx6zt0zt22', 'T4', 'bkZj1BqBxOJNlzYE', 'MQRe6mrgVj', 4),
  (43108109, 8, 'wzj-1215225', 'T3', 'ErXpkedKeJPZ34oW', 'E9Lqamqler', 4),
  (43110412, 8, 'qianchaoyouyai', 'T1', '8VeJdMr9Ag814YOy', 'EeVQ8xQNMD', 4),
  (43113645, 8, 'myp7448224476', 'T2', 'GKremdOvq4xNnRP3', 'rdV5MbLoRN', 4),
  (43115262, 8, 'wxid_py4olb80nb7s22', 'T3', 'YQeld3jYE849a1M6', 'OX7LkDna4k', 4),
  (43116149, 8, 'q894682441', 'T2', 'j7yXmdoGXM3lQaNq', 'k52v2EP3ew', 4),
  (43117183, 8, 'fristljun', 'T1', 'engQdvBKPB7djvmk', 'jDM49Y4K6Z', 4),
  (43119950, 8, 'chiyoy_uann', 'T1', 'JRNK6jj5K7v6xQ9L', 'mxnqkbgjpb', 4),
  (43121227, 8, 'ClaudioBravo1983', 'T2', 'RzmBEpaMYGRVoqpG', 'xRqganzWnm', 4),
  (43125617, 8, 'w1449550206', 'T1', 'by7BkjrjrPEkD94J', 'N8dOBd4gv6', 4),
  (43130967, 8, 'zzz32625hahaha', 'T4', 'ryYXvpoqmOo5JO8z', 'GykeQVv05o', 4),
  (43139981, 8, 'smx261663209', 'T3', 'jG5NJKZDVLmpw7bO', 'WoVlaZYa8A', 4),
  (43143357, 8, 'rs12345789o', 'T4', 'WRKrDjLMj3Xd8YVx', 'Am2eabvWPl', 4),
  (43146169, 8, 'Liuying6_6', 'T2', '14ZEveMrrE8vk7nd', 'VGZ6LBm4YD', 4),
  (43155618, 8, 'Aura97', 'T4', 'kdpvw3qRA5RZP7EJ', 'nZarL0rJkz', 4),
  (43159448, 8, 'Gabriel_lib', 'T4', 'RjyDxOXO8d5VWqg6', 'Dljqa484eL', 4),
  (43163115, 8, 'wxid_38rh1n0m38rc22', 'T2', 'WD9LOkV2Wy1m4b7K', 'N2Q8kPgJqb', 4),
  (43169259, 8, 'liyubo1234567', 'T2', 'lB1WX98bpoWMeLoq', '07Z2XgvNQO', 4),
  (43172987, 8, 'cyy-vision1547474489', 'T4', 'QyknVoGprwGVp9Y2', 'dZYMAxBWPE', 4),
  (43173763, 8, 'xiaoxiaoxiao3345', 'T2', 'aANlBpLZ7q8BEK5m', '0regaegpQZ', 4),
  (43174014, 8, 'YYxiaaobudou', 'T3', 'pGMVNejGqB2mlOZL', 'bjqRkxrN7n', 4),
  (43175967, 8, 'YYxiaobudou', 'T4', 'zW2jBlGDLE3kExVN', '2AV0NyWk59', 4),
  (43176148, 8, 'chb992669370', 'T1', 'wkQDnOV2MlEqKZA7', 'xN79aPX3Dm', 4),
  (43177012, 8, 'C13894374945', 'T4', '3GeL4pkwd7yVY51J', '5qLYnvY1P6', 4),
  (43178664, 8, 'xxrzuishuai1129', 'T1', 'j9138gzBqe3PdJwb', 'O4PwX0wAma', 4),
  (43179006, 8, 'xihuanni0913_', 'T1', 'a6NVdWYEoNPD8pjY', 'Kpm2ablPQN', 4),
  (43180759, 8, 'wxid_0kjix5nqymc821', 'T3', 'A57nz4kDP3xb4WaN', 'N2q5n78VPB', 4),
  (43181898, 8, 'wxid_7s1a17mqh60a22', 'T3', '60aMX35b4M1VK9Dv', 'e9PJ2LkgMx', 4),
  (43189681, 8, 'genesis_xyh', 'T2', 'qDPpgMkMb56r786Z', 'vlDxYV8nmj', 4),
  (43190600, 8, 'kun-ikun-zt', 'T1', 'W8Y1P7weDGvPz7DO', '6d8a93YrzK', 4),
  (43191982, 8, 'wxid_rd6cfkemnc4h22', 'T3', 'W4X2z44qWAaz70RY', '2zdxnJx5X1', 4),
  (43192594, 8, 'M15061339321M', 'T3', 'jmPogVnoqOXgBpXd', 'Nd1ZOj43EQ', 4),
  (43193312, 8, 'likexin1028', 'T3', 'PdKjZrXYA3mE3n5R', 'Ve2RaVkd0A', 4),
  (43194873, 8, 'g-15008625546', 'T3', '6Ozv42qLO1ePR21k', 'YPD3BXrZR6', 4),
  (43195228, 8, 'xcx209717', 'T2', 'rM5E0J3abK1q1WvP', 'nV8wa62Oqo', 4),
  (43196167, 8, 'Haaasan687', 'T2', 'Y4Aw05xVlmmZrQe8', 'pdJ14bvVKj', 4);

CREATE TABLE survey (
  survey_id INTEGER PRIMARY KEY AUTOINCREMENT,
  user_id INTEGER NOT NULL,
  day INTEGER,
  result TEXT NOT NULL,
  created TIMESTAMP DEFAULT CURRENT_TIMESTAMP,
  question_id TEXT,
  FOREIGN KEY (user_id) REFERENCES user (user_id)
);

INSERT INTO survey (user_id, day, result, created, question_id)
VALUES
  (41109482, 7, '7000', '2019-09-28 11:20:54.418322', 'walkathonSteps'),
  (41111612, 7, '10000', '2019-09-28 11:47:54.793134', 'walkathonSteps'),
  (41112963, 7, '0', '2019-09-28 11:21:03.572320', 'walkathonSteps'),
  (41118820, 7, '9000', '2019-09-28 12:16:03.478089', 'walkathonSteps'),
  (41120393, 7, '7500', '2019-09-28 15:03:50.013134', 'walkathonSteps'),
  (41122511, 7, '0', '2019-09-28 11:48:36.069858', 'walkathonSteps'),
  (41124814, 7, '15000', '2019-09-28 14:37:36.088220', 'walkathonSteps'),
  (41127011, 7, '0', '2019-09-28 11:23:01.326540', 'walkathonSteps'),
  (41129485, 7, '6000', '2019-09-28 11:25:26.167747', 'walkathonSteps'),
  (41131833, 7, '6000', '2019-09-28 12:29:33.400219', 'walkathonSteps'),
  (41134121, 7, '8500', '2019-09-29 09:42:35.170137', 'walkathonSteps'),
  (41137830, 7, '0', '2019-09-28 11:24:44.384039', 'walkathonSteps'),
  (41140519, 7, '2500', '2019-09-28 12:55:11.411439', 'walkathonSteps'),
  (41141544, 7, '9000', '2019-09-28 11:31:39.278666', 'walkathonSteps'),
  (41144132, 7, '2000', '2019-09-29 09:31:43.831104', 'walkathonSteps'),
  (41145013, 7, '8000', '2019-09-28 11:56:16.475135', 'walkathonSteps'),
  (41148503, 7, '15000', '2019-09-28 14:56:26.568027', 'walkathonSteps'),
  (41149972, 7, '0', '2019-09-28 11:26:13.675474', 'walkathonSteps'),
  (41151836, 7, '8000', '2019-09-28 11:27:39.085822', 'walkathonSteps'),
  (41153337, 7, '15000', '2019-09-28 11:26:13.542863', 'walkathonSteps'),
  (41154113, 7, '0', '2019-09-28 11:35:08.410525', 'walkathonSteps'),
  (41156553, 7, '0', '2019-09-28 11:29:18.946622', 'walkathonSteps'),
  (41160959, 7, '0', '2019-09-28 12:28:06.706337', 'walkathonSteps'),
  (41161391, 7, '2000', '2019-09-28 15:33:52.231493', 'walkathonSteps'),
  (41162186, 7, '6500', '2019-09-28 11:30:52.090859', 'walkathonSteps'),
  (41165989, 7, '4000', '2019-09-28 11:30:22.411794', 'walkathonSteps'),
  (41166681, 7, '7000', '2019-09-28 11:41:56.708474', 'walkathonSteps'),
  (41167049, 7, '15000', '2019-09-28 11:34:26.778562', 'walkathonSteps'),
  (41168365, 7, '0', '2019-09-28 11:29:00.846953', 'walkathonSteps'),
  (41170067, 7, '15000', '2019-09-28 14:58:07.746145', 'walkathonSteps'),
  (41171018, 7, '15000', '2019-09-28 11:32:36.982630', 'walkathonSteps'),
  (41183949, 7, '11000', '2019-09-28 11:41:12.498832', 'walkathonSteps'),
  (41184099, 7, '15000', '2019-09-28 11:31:07.486421', 'walkathonSteps'),
  (41185115, 7, '7000', '2019-09-28 16:11:25.354891', 'walkathonSteps'),
  (41186381, 7, '0', '2019-09-28 11:46:56.818427', 'walkathonSteps'),
  (41187861, 7, '10000', '2019-09-28 11:42:59.657336', 'walkathonSteps'),
  (41188319, 7, '6500', '2019-09-28 11:33:28.981346', 'walkathonSteps'),
  (41197693, 7, '15000', '2019-09-28 11:33:49.406224', 'walkathonSteps'),
  (41198689, 7, '5000', '2019-09-28 15:59:00.722904', 'walkathonSteps'),
  (41199704, 7, '8000', '2019-09-28 10:27:19.400379', 'walkathonSteps'),
  (41200198, 7, '0', '2019-09-28 10:17:20.350082', 'walkathonSteps'),
  (41201591, 7, '10000', '2019-09-28 11:24:25.743919', 'walkathonSteps'),
  (41202110, 7, '8000', '2019-09-28 15:00:41.696314', 'walkathonSteps'),
  (41203344, 7, '0', '2019-09-28 10:08:53.436503', 'walkathonSteps'),
  (41204336, 7, '0', '2019-09-28 10:10:58.802504', 'walkathonSteps'),
  (41206028, 7, '1000', '2019-09-28 11:47:51.554834', 'walkathonSteps'),
  (41207865, 7, '0', '2019-09-28 15:06:20.833020', 'walkathonSteps'),
  (41208426, 7, '10000', '2019-09-28 13:33:43.719143', 'walkathonSteps'),
  (41209814, 7, '0', '2019-09-28 10:31:19.767079', 'walkathonSteps'),
  (41210133, 7, '0', '2019-09-28 15:14:36.980225', 'walkathonSteps'),
  (42005812, 7, '1000', '2019-09-28 11:51:44.094343', 'walkathonSteps'),
  (42006820, 7, '8000', '2019-09-28 11:36:46.622428', 'walkathonSteps'),
  (42007038, 7, '10000', '2019-09-28 11:15:11.954822', 'walkathonSteps'),
  (42008987, 7, '5000', '2019-09-28 10:52:36.549078', 'walkathonSteps'),
  (42009472, 7, '0', '2019-09-28 13:55:02.309284', 'walkathonSteps'),
  (42010959, 7, '0', '2019-09-28 11:06:04.594164', 'walkathonSteps'),
  (42011302, 7, '6000', '2019-09-28 11:06:55.220935', 'walkathonSteps'),
  (42012447, 7, '0', '2019-09-28 11:18:01.699376', 'walkathonSteps'),
  (42013283, 7, '15000', '2019-09-28 11:08:41.549204', 'walkathonSteps'),
  (42017535, 7, '10000', '2019-09-28 11:08:27.080279', 'walkathonSteps'),
  (42018553, 7, '0', '2019-09-28 11:37:32.318806', 'walkathonSteps'),
  (42019796, 7, '15000', '2019-09-28 11:25:10.498704', 'walkathonSteps'),
  (42020062, 7, '10000', '2019-09-30 10:50:24.969084', 'walkathonSteps'),
  (42021240, 7, '0', '2019-09-29 13:29:12.805236', 'walkathonSteps'),
  (42022183, 7, '6000', '2019-09-28 11:44:56.023059', 'walkathonSteps'),
  (42023104, 7, '4000', '2019-09-28 14:50:23.572962', 'walkathonSteps'),
  (42024127, 7, '0', '2019-09-28 11:32:39.584529', 'walkathonSteps'),
  (42025633, 7, '6000', '2019-09-28 12:50:32.269903', 'walkathonSteps'),
  (42028575, 7, '6500', '2019-09-28 15:32:36.749292', 'walkathonSteps'),
  (42029125, 7, '0', '2019-09-29 13:27:54.749296', 'walkathonSteps'),
  (42031316, 7, '6500', '2019-09-28 11:16:14.180980', 'walkathonSteps'),
  (42032278, 7, '0', '2019-09-28 11:19:31.692887', 'walkathonSteps'),
  (42033517, 7, '12000', '2019-09-28 11:19:57.943771', 'walkathonSteps'),
  (42035766, 7, '13000', '2019-09-28 11:26:43.966658', 'walkathonSteps'),
  (42037069, 7, '12500', '2019-09-28 11:33:15.371644', 'walkathonSteps'),
  (42038049, 7, '8000', '2019-09-28 14:08:44.220829', 'walkathonSteps'),
  (42042439, 7, '12000', '2019-09-29 13:29:26.968936', 'walkathonSteps'),
  (42044805, 7, '5000', '2019-10-01 14:11:08.183437', 'walkathonSteps'),
  (42048854, 7, '5000', '2019-09-28 11:23:15.463504', 'walkathonSteps'),
  (42049043, 7, '6000', '2019-09-28 11:53:27.018836', 'walkathonSteps'),
  (42051342, 7, '0', '2019-10-01 14:12:02.731984', 'walkathonSteps'),
  (42052869, 7, '4000', '2019-09-28 11:19:41.409861', 'walkathonSteps'),
  (42054225, 7, '7000', '2019-09-28 11:16:58.235891', 'walkathonSteps'),
  (42056294, 7, '0', '2019-09-28 11:17:20.464136', 'walkathonSteps'),
  (42057670, 7, '5500', '2019-09-28 14:15:34.703877', 'walkathonSteps'),
  (42059067, 7, '8500', '2019-09-28 13:19:57.209245', 'walkathonSteps'),
  (42061928, 7, '8000', '2019-09-29 15:04:26.543616', 'walkathonSteps'),
  (42063392, 7, '0', '2019-09-28 13:30:31.851993', 'walkathonSteps'),
  (42065820, 7, '1000', '2019-09-28 11:47:47.470761', 'walkathonSteps'),
  (42066138, 7, '2000', '2019-09-28 11:22:58.156015', 'walkathonSteps'),
  (42070670, 7, '4000', '2019-09-28 14:03:45.672434', 'walkathonSteps'),
  (42071196, 7, '0', '2019-09-28 11:22:24.833807', 'walkathonSteps'),
  (42073125, 7, '4000', '2019-09-28 12:01:29.978114', 'walkathonSteps'),
  (42075600, 7, '10000', '2019-09-28 11:19:13.924211', 'walkathonSteps'),
  (42077437, 7, '0', '2019-09-28 11:26:22.573823', 'walkathonSteps'),
  (42078926, 7, '0', '2019-09-29 13:25:21.889759', 'walkathonSteps'),
  (42079130, 7, '0', '2019-09-28 11:19:51.683087', 'walkathonSteps'),
  (42080918, 7, '10000', '2019-09-28 11:32:34.715505', 'walkathonSteps'),
  (42082129, 7, '0', '2019-09-28 11:20:09.982959', 'walkathonSteps'),
  (42083002, 7, '5000', '2019-09-28 11:46:14.711425', 'walkathonSteps'),
  (42085387, 7, '9000', '2019-09-28 11:32:36.616866', 'walkathonSteps'),
  (42087083, 7, '15000', '2019-09-28 11:31:48.391390', 'walkathonSteps'),
  (42090341, 7, '2000', '2019-09-28 11:21:34.802996', 'walkathonSteps'),
  (42091347, 7, '9000', '2019-09-28 11:21:53.033708', 'walkathonSteps'),
  (42095656, 7, '5000', '2019-09-28 11:55:03.745508', 'walkathonSteps'),
  (43034350, 7, '10000', '2019-09-28 11:34:12.113131', 'walkathonSteps'),
  (43036952, 7, '12000', '2019-09-28 15:08:40.262061', 'walkathonSteps'),
  (43040218, 7, '10000', '2019-09-28 11:38:20.572260', 'walkathonSteps'),
  (43041448, 7, '7000', '2019-09-28 13:45:48.883834', 'walkathonSteps'),
  (43043364, 7, '0', '2019-09-28 12:06:41.145390', 'walkathonSteps'),
  (43045726, 7, '500', '2019-09-28 10:16:51.848674', 'walkathonSteps'),
  (43046237, 7, '7000', '2019-09-29 06:04:04.609913', 'walkathonSteps'),
  (43047978, 7, '8500', '2019-09-28 10:15:23.875677', 'walkathonSteps'),
  (43050683, 7, '3000', '2019-09-28 10:16:58.327160', 'walkathonSteps'),
  (43058309, 7, '9000', '2019-09-28 13:11:01.428283', 'walkathonSteps'),
  (43062517, 7, '6000', '2019-09-28 13:24:39.720283', 'walkathonSteps'),
  (43064601, 7, '5000', '2019-09-28 11:58:21.719895', 'walkathonSteps'),
  (43067308, 7, '5500', '2019-09-28 12:48:20.347363', 'walkathonSteps'),
  (43069923, 7, '11500', '2019-09-29 02:55:42.349861', 'walkathonSteps'),
  (43072382, 7, '3000', '2019-09-30 10:32:34.036586', 'walkathonSteps'),
  (43074357, 7, '8000', '2019-09-28 10:33:32.032485', 'walkathonSteps'),
  (43084068, 7, '0', '2019-09-28 10:19:55.920274', 'walkathonSteps'),
  (43092020, 7, '0', '2019-09-28 10:18:42.277185', 'walkathonSteps'),
  (43094710, 7, '8000', '2019-09-28 10:19:39.051488', 'walkathonSteps'),
  (43096266, 7, '5500', '2019-09-28 10:42:25.421184', 'walkathonSteps'),
  (43097458, 7, '9000', '2019-09-29 10:27:21.479220', 'walkathonSteps'),
  (43098981, 7, '0', '2019-09-28 11:30:46.512798', 'walkathonSteps'),
  (43099807, 7, '0', '2019-09-28 12:03:52.913578', 'walkathonSteps'),
  (43101282, 7, '6000', '2019-09-28 10:59:51.997340', 'walkathonSteps'),
  (43103931, 7, '11000', '2019-09-29 10:14:57.427812', 'walkathonSteps'),
  (43104616, 7, '5000', '2019-09-28 14:59:15.445772', 'walkathonSteps'),
  (43105138, 7, '0', '2019-09-28 13:16:11.014279', 'walkathonSteps'),
  (43108109, 7, '0', '2019-09-28 13:13:43.261812', 'walkathonSteps'),
  (43110412, 7, '11000', '2019-09-28 13:16:25.958111', 'walkathonSteps'),
  (43113645, 7, '6500', '2019-09-28 13:14:50.631515', 'walkathonSteps'),
  (43116149, 7, '0', '2019-09-28 13:27:58.499052', 'walkathonSteps'),
  (43117183, 7, '15000', '2019-09-28 13:20:22.317908', 'walkathonSteps'),
  (43119950, 7, '0', '2019-09-28 16:10:13.467045', 'walkathonSteps'),
  (43121227, 7, '15000', '2019-09-28 13:30:10.922479', 'walkathonSteps'),
  (43130967, 7, '6000', '2019-09-28 15:08:45.171639', 'walkathonSteps'),
  (43139981, 7, '5500', '2019-09-28 13:23:15.748123', 'walkathonSteps'),
  (43155618, 7, '15000', '2019-09-28 13:23:34.952799', 'walkathonSteps'),
  (43159448, 7, '0', '2019-09-28 13:18:21.199714', 'walkathonSteps'),
  (43163115, 7, '5000', '2019-09-28 13:18:06.113906', 'walkathonSteps'),
  (43169259, 7, '15000', '2019-09-28 13:22:09.600009', 'walkathonSteps'),
  (43172987, 7, '6500', '2019-09-28 14:34:57.360372', 'walkathonSteps'),
  (43173763, 7, '10000', '2019-09-28 14:12:19.605907', 'walkathonSteps'),
  (43175967, 7, '2000', '2019-09-28 13:23:35.162181', 'walkathonSteps'),
  (43176148, 7, '15000', '2019-09-28 22:12:25.618245', 'walkathonSteps'),
  (43177012, 7, '10000', '2019-09-28 13:20:35.018936', 'walkathonSteps'),
  (43181898, 7, '0', '2019-09-29 10:37:02.643669', 'walkathonSteps'),
  (43189681, 7, '5000', '2019-09-28 23:07:28.450860', 'walkathonSteps'),
  (43190600, 7, '0', '2019-09-28 14:12:33.837569', 'walkathonSteps'),
  (43191982, 7, '0', '2019-09-28 13:23:00.458861', 'walkathonSteps'),
  (43192594, 7, '12000', '2019-09-29 14:23:13.592644', 'walkathonSteps'),
  (43193312, 7, '0', '2019-09-28 13:26:12.008855', 'walkathonSteps'),
  (43194873, 7, '0', '2019-09-28 13:37:08.133856', 'walkathonSteps'),
  (43195228, 7, '8500', '2019-09-28 14:12:52.880405', 'walkathonSteps');

CREATE TABLE activity (
  activity_id INTEGER PRIMARY KEY AUTOINCREMENT,
  user_id INTEGER UNIQUE NOT NULL,
  day INTEGER NOT NULL,
  survey_page INTEGER,
  curr_time TIMESTAMP,
  day_complete BOOLEAN NOT NULL,
  day_started TIMESTAMP,
  FOREIGN KEY (user_id) REFERENCES user (user_id)
);

INSERT INTO activity (user_id, day, day_complete, survey_page, day_started, curr_time)
VALUES
  (41109482, 7, 1, 5, '2019-09-27 19:20:50.146914', '2019-09-28 11:23:07.537336'),
  (41111612, 7, 1, 5, '2019-09-27 19:20:50.825049', '2019-09-28 11:59:48.350839'),
  (41112963, 7, 1, 5, '2019-09-27 19:20:51.520289', '2019-09-28 15:09:48.975954'),
  (41118820, 7, 1, 5, '2019-09-27 19:20:52.207442', '2019-09-28 12:18:45.250841'),
  (41120393, 7, 1, 5, '2019-09-27 19:20:52.877414', '2019-09-28 15:25:16.837335'),
  (41122511, 7, 1, 5, '2019-09-27 19:20:53.563690', '2019-09-28 11:50:56.855846'),
  (41124814, 7, 1, 5, '2019-09-27 19:20:54.240392', '2019-09-28 14:40:07.057966'),
  (41127011, 7, 1, 5, '2019-09-27 19:20:54.937993', '2019-09-28 11:25:04.412452'),
  (41129485, 7, 1, 5, '2019-09-27 19:20:55.613791', '2019-09-28 11:29:49.988781'),
  (41131833, 7, 1, 5, '2019-09-27 19:20:56.300310', '2019-09-28 12:32:35.128299'),
  (41134121, 7, 1, 5, '2019-09-27 19:20:56.995997', '2019-09-29 09:43:44.826804'),
  (41137830, 7, 1, 5, '2019-09-27 19:20:57.664140', '2019-09-28 11:26:13.918999'),
  (41140519, 7, 1, 5, '2019-09-27 19:20:58.358566', '2019-09-28 13:01:32.917607'),
  (41141544, 7, 1, 5, '2019-09-27 19:20:59.061936', '2019-09-28 11:35:42.429243'),
  (41144132, 7, 1, 5, '2019-09-27 19:20:59.746418', '2019-09-29 09:35:41.087318'),
  (41145013, 7, 1, 5, '2019-09-27 19:21:00.441133', '2019-09-28 12:04:47.375063'),
  (41148503, 7, 1, 5, '2019-09-27 19:21:01.112249', '2019-09-28 15:01:29.234418'),
  (41149972, 7, 1, 5, '2019-09-27 19:21:01.809296', '2019-09-28 11:29:24.914038'),
  (41151836, 7, 1, 5, '2019-09-27 19:21:02.473884', '2019-09-28 11:29:17.298451'),
  (41153337, 7, 1, 5, '2019-09-27 19:21:03.156852', '2019-09-28 11:31:38.322417'),
  (41154113, 7, 1, 5, '2019-09-27 19:21:03.836800', '2019-09-28 15:02:35.768860'),
  (41156553, 7, 1, 5, '2019-09-27 19:21:04.526963', '2019-09-28 11:33:29.342248'),
  (41160959, 7, 1, 5, '2019-09-27 19:21:05.206183', '2019-09-28 12:29:01.425331'),
  (41161391, 7, 1, 5, '2019-09-27 19:21:05.894953', '2019-09-28 15:37:32.493734'),
  (41162186, 7, 1, 5, '2019-09-27 19:21:06.582555', '2019-09-28 11:35:12.830326'),
  (41165989, 7, 1, 5, '2019-09-27 19:21:07.290744', '2019-09-28 11:34:04.077307'),
  (41166681, 7, 1, 5, '2019-09-27 19:21:07.963108', '2019-09-28 11:44:57.224349'),
  (41167049, 7, 1, 5, '2019-09-27 19:21:08.646565', '2019-09-28 11:39:33.819240'),
  (41168365, 7, 1, 5, '2019-09-27 19:21:09.333637', '2019-09-28 11:30:15.176018'),
  (41170067, 7, 1, 5, '2019-09-27 19:21:10.016002', '2019-09-28 15:01:21.737582'),
  (41171018, 7, 1, 5, '2019-09-27 19:21:10.701733', '2019-09-28 11:39:09.056456'),
  (41183949, 7, 1, 5, '2019-09-27 19:21:11.389102', '2019-09-28 11:47:18.395672'),
  (41184099, 7, 1, 5, '2019-09-27 19:21:12.072828', '2019-09-28 11:37:21.810446'),
  (41185115, 7, 1, 5, '2019-09-27 19:21:12.757072', '2019-09-28 16:15:30.066517'),
  (41186381, 7, 1, 5, '2019-09-27 19:21:13.459660', '2019-09-28 11:51:10.775152'),
  (41187861, 7, 1, 5, '2019-09-27 19:21:14.143280', '2019-09-28 11:45:40.746183'),
  (41188319, 7, 1, 5, '2019-09-27 19:21:14.830306', '2019-09-28 11:36:18.049378'),
  (41197693, 7, 1, 5, '2019-09-27 19:21:15.532307', '2019-09-28 11:37:22.347180'),
  (41198689, 7, 1, 5, '2019-09-27 19:21:16.202633', '2019-09-28 16:02:58.397106'),
  (41199704, 7, 1, 5, '2019-09-27 19:21:16.895824', '2019-09-29 09:17:31.149625'),
  (41200198, 7, 1, 5, '2019-09-27 19:21:17.586881', '2019-09-28 10:20:30.807444'),
  (41201591, 7, 1, 5, '2019-09-27 19:21:18.270207', '2019-09-28 11:58:12.330136'),
  (41202110, 7, 1, 5, '2019-09-27 19:21:18.958139', '2019-09-28 15:07:34.634609'),
  (41203344, 7, 1, 5, '2019-09-27 19:21:19.632067', '2019-09-28 10:09:44.485386'),
  (41204336, 7, 1, 5, '2019-09-27 19:21:20.328995', '2019-09-28 10:13:09.991048'),
  (41206028, 7, 1, 5, '2019-09-27 19:21:21.027109', '2019-09-28 11:57:56.879075'),
  (41207865, 7, 1, 5, '2019-09-27 19:21:21.693418', '2019-09-28 15:09:50.825967'),
  (41208426, 7, 1, 5, '2019-09-27 19:21:22.379550', '2019-09-28 13:37:10.794237'),
  (41209814, 7, 1, 5, '2019-09-27 19:21:23.084092', '2019-09-28 10:38:38.254870'),
  (41210133, 7, 1, 5, '2019-09-27 19:21:23.760087', '2019-09-28 15:17:51.409384'),
  (42006820, 7, 1, 5, '2019-09-27 19:21:25.808680', '2019-09-28 11:40:08.273635'),
  (42007038, 7, 1, 5, '2019-09-27 19:21:26.473069', '2019-09-28 11:18:57.746841'),
  (42008987, 7, 1, 5, '2019-09-27 19:21:27.180139', '2019-09-28 11:01:24.882437'),
  (42009472, 7, 1, 5, '2019-09-27 19:21:27.869222', '2019-09-28 14:12:08.873917'),
  (42010959, 7, 1, 5, '2019-09-27 19:21:28.539879', '2019-09-28 11:27:27.348365'),
  (42011302, 7, 1, 5, '2019-09-27 19:21:29.209339', '2019-09-28 11:13:35.836769'),
  (42012447, 7, 1, 5, '2019-09-27 19:21:29.899032', '2019-09-28 11:19:15.307709'),
  (42013283, 7, 1, 5, '2019-09-27 19:21:30.571136', '2019-09-28 11:11:32.521663'),
  (42017535, 7, 1, 5, '2019-09-27 19:21:31.251633', '2019-09-28 11:13:30.659466'),
  (42018553, 7, 1, 5, '2019-09-27 19:21:31.916894', '2019-09-29 09:21:52.449270'),
  (42020062, 7, 1, 5, '2019-09-27 19:21:33.267017', '2019-09-30 10:53:21.118245'),
  (42021240, 7, 1, 5, '2019-09-27 19:21:33.937550', '2019-09-29 13:32:54.028430'),
  (42022183, 7, 1, 5, '2019-09-27 19:21:34.614335', '2019-09-28 14:22:00.777943'),
  (42023104, 7, 1, 5, '2019-09-27 19:21:35.317384', '2019-09-28 14:52:49.021579'),
  (42024127, 7, 1, 5, '2019-09-27 19:21:36.005322', '2019-09-28 11:35:41.258467'),
  (42025633, 7, 1, 5, '2019-09-27 19:21:36.677201', '2019-09-28 12:55:06.937997'),
  (42028575, 7, 1, 5, '2019-09-27 19:21:37.372031', '2019-09-28 15:35:51.775942'),
  (42029125, 7, 1, 5, '2019-09-27 19:21:38.079752', '2019-09-29 13:30:48.226004'),
  (42031316, 7, 1, 5, '2019-09-27 19:21:38.799821', '2019-09-28 11:20:43.533091'),
  (42032278, 7, 1, 5, '2019-09-27 19:21:39.503772', '2019-09-28 15:22:21.142382'),
  (42033517, 7, 1, 5, '2019-09-27 19:21:40.191772', '2019-09-28 11:22:40.158972'),
  (42035766, 7, 1, 5, '2019-09-27 19:21:40.860887', '2019-09-28 11:32:07.681216'),
  (42037069, 7, 1, 5, '2019-09-27 19:21:41.530203', '2019-09-28 11:33:55.423757'),
  (42038049, 7, 1, 5, '2019-09-27 19:21:42.234425', '2019-09-28 14:18:27.157359'),
  (42042439, 7, 1, 5, '2019-09-27 19:21:42.940004', '2019-09-29 13:33:39.673365'),
  (42044805, 7, 1, 5, '2019-09-27 19:21:43.623720', '2019-10-01 14:12:46.521915'),
  (42048854, 7, 1, 5, '2019-09-27 19:21:44.307805', '2019-09-28 11:27:37.593877'),
  (42049043, 7, 1, 5, '2019-09-27 19:21:44.974772', '2019-09-28 11:56:02.757215'),
  (42051342, 7, 1, 5, '2019-09-27 19:21:45.637985', '2019-10-01 14:16:37.417432'),
  (42052869, 7, 1, 5, '2019-09-27 19:21:46.302441', '2019-09-28 11:24:12.507869'),
  (42054225, 7, 1, 5, '2019-09-27 19:21:46.987883', '2019-09-28 11:18:46.910000'),
  (42056294, 7, 1, 5, '2019-09-27 19:21:47.664629', '2019-09-28 11:20:46.773682'),
  (42057670, 7, 1, 5, '2019-09-27 19:21:48.345567', '2019-09-28 14:18:21.525018'),
  (42059067, 7, 1, 5, '2019-09-27 19:21:49.026109', '2019-09-28 13:22:57.777259'),
  (42061928, 7, 1, 5, '2019-09-27 19:21:49.697111', '2019-09-29 15:05:43.036979'),
  (42063392, 7, 1, 5, '2019-09-27 19:21:50.392824', '2019-09-30 13:20:41.938748'),
  (42065820, 7, 1, 5, '2019-09-27 19:21:51.065209', '2019-09-28 11:56:05.073726'),
  (42066138, 7, 1, 5, '2019-09-27 19:21:51.780660', '2019-09-28 11:25:06.970271'),
  (42070670, 7, 1, 5, '2019-09-27 19:21:52.451439', '2019-09-28 14:10:54.894404'),
  (42071196, 7, 1, 5, '2019-09-27 19:21:53.141268', '2019-09-28 11:25:57.906676'),
  (42073125, 7, 1, 5, '2019-09-27 19:21:53.808534', '2019-09-28 12:03:14.351538'),
  (42075600, 7, 1, 5, '2019-09-27 19:21:54.471213', '2019-09-29 02:01:43.540036'),
  (42077437, 7, 1, 5, '2019-09-27 19:21:55.159451', '2019-09-28 11:28:44.471770'),
  (42078926, 7, 1, 5, '2019-09-27 19:21:55.820813', '2019-09-29 13:36:53.177912'),
  (42079130, 7, 1, 5, '2019-09-27 19:21:56.507986', '2019-09-28 11:20:55.714333'),
  (42080918, 7, 1, 5, '2019-09-27 19:21:57.192740', '2019-09-28 11:36:42.245811'),
  (42082129, 7, 1, 5, '2019-09-27 19:21:57.865887', '2019-09-28 11:23:38.633284'),
  (42083002, 7, 1, 5, '2019-09-27 19:21:58.563852', '2019-09-28 11:48:41.260757'),
  (42085387, 7, 1, 5, '2019-09-27 19:21:59.253970', '2019-09-28 11:36:57.850680'),
  (42087083, 7, 1, 5, '2019-09-27 19:21:59.932308', '2019-09-28 11:36:32.096557'),
  (42090341, 7, 1, 5, '2019-09-27 19:22:01.287846', '2019-09-28 11:26:34.874194'),
  (42091347, 7, 1, 5, '2019-09-27 19:22:01.974631', '2019-09-28 11:24:21.390654'),
  (42095656, 7, 1, 5, '2019-09-27 19:22:02.651824', '2019-09-28 11:57:01.368986'),
  (43034350, 7, 1, 5, '2019-09-27 19:22:03.355829', '2019-09-28 11:38:07.504616'),
  (43036952, 7, 1, 5, '2019-09-27 19:22:04.045978', '2019-09-28 15:10:10.609378'),
  (43040218, 7, 1, 5, '2019-09-27 19:22:04.746067', '2019-09-28 11:41:03.976690'),
  (43041448, 7, 1, 5, '2019-09-27 19:22:05.426147', '2019-09-28 13:54:09.813047'),
  (43043364, 7, 1, 5, '2019-09-27 19:22:06.119190', '2019-09-28 12:09:49.717460'),
  (43045726, 7, 1, 5, '2019-09-27 19:22:06.810442', '2019-09-28 10:20:00.186168'),
  (43046237, 7, 1, 5, '2019-09-27 19:22:07.506844', '2019-09-29 06:07:55.227603'),
  (43047978, 7, 1, 5, '2019-09-27 19:22:08.190805', '2019-09-28 10:18:27.234538'),
  (43050683, 7, 1, 5, '2019-09-27 19:22:08.863778', '2019-09-28 10:28:32.500921'),
  (43058309, 7, 1, 5, '2019-09-27 19:22:09.564911', '2019-09-28 13:14:26.091491'),
  (43062517, 7, 1, 5, '2019-09-27 19:22:10.257767', '2019-09-28 13:28:26.608177'),
  (43064601, 7, 1, 5, '2019-09-27 19:22:10.945212', '2019-09-28 12:01:13.589198'),
  (43067308, 7, 1, 5, '2019-09-27 19:22:11.608783', '2019-09-28 12:53:59.304872'),
  (43069923, 7, 1, 5, '2019-09-27 19:22:12.291222', '2019-09-29 02:58:55.245633'),
  (43074357, 7, 1, 5, '2019-09-27 19:22:13.637985', '2019-09-28 10:35:36.230462'),
  (43084068, 7, 1, 5, '2019-09-27 19:22:14.329711', '2019-09-28 10:24:51.103817'),
  (43092020, 7, 1, 5, '2019-09-27 19:22:14.994968', '2019-09-28 10:21:48.351664'),
  (43094710, 7, 1, 5, '2019-09-27 19:22:15.680323', '2019-09-28 10:22:00.156252'),
  (43096266, 7, 1, 5, '2019-09-27 19:22:16.366322', '2019-09-28 10:48:15.065981'),
  (43097458, 7, 1, 5, '2019-09-27 19:22:17.049613', '2019-09-29 10:31:02.129424'),
  (43098981, 7, 1, 5, '2019-09-27 19:22:17.749190', '2019-09-28 11:35:37.937430'),
  (43099807, 7, 1, 5, '2019-09-27 19:22:18.455534', '2019-09-28 12:06:30.848346'),
  (43101282, 7, 1, 5, '2019-09-27 19:22:19.143570', '2019-09-28 11:03:06.599932'),
  (43103931, 7, 1, 5, '2019-09-27 19:22:19.816073', '2019-09-29 10:19:17.935949'),
  (43104616, 7, 1, 5, '2019-09-27 19:22:20.517145', '2019-09-28 15:03:11.551541'),
  (43105138, 7, 1, 5, '2019-09-27 19:22:21.189715', '2019-09-29 10:13:53.202568'),
  (43108109, 7, 1, 5, '2019-09-27 19:22:21.888182', '2019-09-28 13:17:33.104972'),
  (43110412, 7, 1, 5, '2019-09-27 19:22:22.588818', '2019-09-28 13:19:49.789283'),
  (43113645, 7, 1, 5, '2019-09-27 19:22:23.292181', '2019-09-28 13:20:50.772547'),
  (43116149, 7, 1, 5, '2019-09-27 19:22:23.988808', '2019-09-28 13:32:11.244294'),
  (43117183, 7, 1, 5, '2019-09-27 19:22:24.654890', '2019-09-28 13:23:00.783030'),
  (43119950, 7, 1, 5, '2019-09-27 19:22:25.341978', '2019-09-28 16:14:01.055437'),
  (43121227, 7, 1, 5, '2019-09-27 19:22:26.013603', '2019-09-28 13:40:03.323177'),
  (43130967, 7, 1, 5, '2019-09-27 19:22:26.705188', '2019-09-28 15:17:11.076752'),
  (43139981, 7, 1, 5, '2019-09-27 19:22:27.374741', '2019-09-28 13:26:12.107389'),
  (43155618, 7, 1, 5, '2019-09-27 19:22:28.084481', '2019-09-28 13:26:10.656142'),
  (43159448, 7, 1, 5, '2019-09-27 19:22:28.761639', '2019-09-28 13:21:25.577706'),
  (43163115, 7, 1, 5, '2019-09-27 19:22:29.424800', '2019-09-28 13:22:24.524226'),
  (43169259, 7, 1, 5, '2019-09-27 19:22:30.120292', '2019-09-28 13:32:22.622342'),
  (43172987, 7, 1, 5, '2019-09-27 19:22:30.815629', '2019-09-28 14:41:30.960142'),
  (43173763, 7, 1, 5, '2019-09-27 19:22:31.493784', '2019-09-28 14:15:39.516613'),
  (43175967, 7, 1, 5, '2019-09-27 19:22:32.163941', '2019-09-28 13:27:55.188058'),
  (43176148, 7, 1, 5, '2019-09-27 19:22:32.846512', '2019-09-28 22:21:46.844883'),
  (43177012, 7, 1, 5, '2019-09-27 19:22:33.556306', '2019-09-28 13:23:18.645107'),
  (43181898, 7, 1, 5, '2019-09-27 19:22:34.927400', '2019-09-29 10:38:30.564526'),
  (43189681, 7, 1, 5, '2019-09-27 19:22:35.611596', '2019-09-29 15:28:39.730199'),
  (43190600, 7, 1, 5, '2019-09-27 19:22:36.289632', '2019-09-28 14:14:13.714824'),
  (43191982, 7, 1, 5, '2019-09-27 19:22:36.980002', '2019-09-28 13:32:34.999949'),
  (43192594, 7, 1, 5, '2019-09-27 19:22:37.644983', '2019-09-29 14:26:46.327652'),
  (43193312, 7, 1, 5, '2019-09-27 19:22:38.345532', '2019-09-28 13:28:08.735509'),
  (43194873, 7, 1, 5, '2019-09-27 19:22:39.047151', '2019-09-29 00:34:29.258414'),
  (43195228, 7, 1, 5, '2019-09-27 19:22:39.726186', '2019-09-28 14:14:47.851425');

CREATE TABLE treatments (
  treatment_id INTEGER PRIMARY KEY AUTOINCREMENT,
  treatment TEXT NOT NULL,
  day INTEGER NOT NULL,
  event_id INTEGER NOT NULL,
  FOREIGN KEY (treatment) REFERENCES user (treatment)
);

CREATE TABLE infos (
  info_id INTEGER PRIMARY KEY AUTOINCREMENT,
  event_id INTEGER NOT NULL,
  title TEXT,
  subtitle TEXT,
  info_date TEXT,
  info_time TEXT,
  location TEXT,
  image_file TEXT,
  air_quality_source TEXT,
  air_quality_source_logo TEXT,
  short_description TEXT,
  low_temp INTEGER,
  high_temp INTEGER,
  suitable_for_family INTEGER,
  suitable_for_friends INTEGER,
  suitable_for_lover INTEGER,
  suitable_for_baby INTEGER,
  suitable_for_elderly INTEGER,
  suitable_for_pet INTEGER,
  event_details TEXT,
  phrase_for_week TEXT,
  phrase_for_day TEXT,
  phrase_for_header TEXT,
  cohort INTEGER NOT NULL
);

INSERT INTO infos (event_id, title, subtitle,
  info_date, info_time, location,
  image_file, air_quality_source, air_quality_source_logo,
  short_description,
  low_temp, high_temp,
  suitable_for_family, suitable_for_friends, suitable_for_lover, suitable_for_baby, suitable_for_elderly, suitable_for_pet,
  event_details,
  phrase_for_week, phrase_for_day, phrase_for_header,
  cohort)
VALUES
  (1, '相约网红自行车公园', '骑行最美茶海小径',
'2019.05.13 - 05.18', '每天 07:30 am - 19:30 pm', '地点 长宁区 虹桥路地铁站',
'img/event 1.jpg', '', 'img/transparent.png',
'乘坐巴士，到距离上海不远的小城宜兴, 深藏着一个自行车主题公园。 这里是江苏第一个自行车主题公园。', 23, 31,
0,1,1,0,0,0,
'行程安排：
7:40 开始在指定地点签到集合，自由交流。（记得调好闹钟，不要迟到哦，迟到将错过车和活动）
7:50 准时出发，领队在车上介绍行程，并组织大家自我介绍相互认识，一路欢歌笑语奔赴小城宜兴。
11:20 抵达自行车公园。先取车，然后一起骑行。
12:30 适时午餐，午餐请自带干粮。
16:00 回到指定地点集合，准备返程。
19:30 我们的大巴回到上海市区。大家依依惜别，下次再聚。',
'2019年5月13-19日', '2019年5月18日', '五月13至19日',
1),

  (2, '漫步上海周边的最美樱花小镇', '探索江南水乡枫泾古镇',
'2019.05.13 - 2019.05.18', '每天 08:30 am - 17:00 pm', '地点 长宁区 虹桥路地铁站',
'img/event 2.jpg', '', 'img/transparent.png',
'漫步平湖樱花小镇，探索江南水乡枫泾古镇（1天活动）。 藏着一个花团锦簇的浪漫樱花小镇。', 23, 31,
1,1,1,0,1,1,
'行程安排：
8:50 开始在指定地点签到集合，自由交流。（记得调好闹钟，不要迟到哦，迟到将错过车和活动）
9:00 准时出发，领队在车上介绍行程，并组织大家自我介绍相互认识，一路欢歌笑语奔赴平湖。
10:30 抵达樱花小镇。
12:45 逛差不多了吧？在指定地点集合啦，上车去枫泾古镇。
13:20 到达枫泾古镇景区停车场。
“枫泾寻画”是沪上新八景之一。古镇河渠纵横，清冽的河水好像一幅画布，
白墙黑瓦、廊桥街树、楼台亭阁在画布上一一呈现。
15:40 回到景区停车场集合，适时上车返程。
17:00 我们的大巴回到上海市区。大家依依惜别，下次再聚。',
'2019年5月13-19日', '2019年5月18日', '五月13至19日',
1),

(3, '公益之家', '资助项目',
'2019.05.18 周六', '10:00 am - 20:00 pm', '地点 徐汇区 上海体育场',
'img/event 3.png', '', 'img/transparent.png',
'参加公益之家成员大会,一起集思广益如何主动去救助更多的有需要的人群。', 23, 31,
0,1,1,0,1,0,
'如果你有固定的精力来参与公益之家的事务,
例如: 每周参加一次成员大会;
一起集思广益如何主动去救助更多的有需要的人群;
无论贫富，如果你愿意将自己收入的一部分，
献出来帮助那些存在生存困难的人们，
请加入我们。',
'2019年5月13-19日', '2019年5月18日', '五月13至19日',
1),

  (4, '漫步上海老街', '边走边聊',
'2019.05.18 周六', '14:00 pm - 17:00 pm', '地点 徐汇区 地铁到门店',
'img/event 4.jpg', '', 'img/transparent.png',
'漫步上海老街, 走过那些老建筑, 仿佛置身于那时那景那人。', 23, 31,
0,1,1,0,1,1,
'活动形式：
1、14点集合，轮流自我介绍。14：30分准时出发，
迟到的同学，自己骑车追上。或者直接到下一个休息点。
2、出发后，每3，4人，分一组，分享与交流。
3、中间设置几个休息点，有社交小游戏。
4、活动设置两个领队，一前一后，防止走散。',
'2019年5月13-19日', '2019年5月18日', '五月13至19日',
1),

  (5, '夜徒法租界', '梧桐树下聊天交友散步',
'2019.05.15 周三', '19:30 pm - 20:30 pm', '地点 徐汇区 徐家汇',
'img/event 5.jpg', '（来自：新闻广播FM93.4）', 'img/SourceNewsRadioLogo.jpg',
'徒步路线：徐家汇——衡山路——淮海路 。扩大自己的视野，认识一些有趣的人。', 23, 31,
0,1,1,0,0,0,
'行程安排：
19:30地铁徐家汇站14号口集合，
大概半个小时左右开始今晚的徒步：衡山路-淮海路，
大家可以边走边聊，看见有趣的小店可以随便看一下，
到达陕西南路站大家依依惜别。',
'2019年5月13-19日', '2019年5月18日', '五月13至19日',
1),

  (6, '游走魔都', '',
'2019.05.19 周日', '14:00 pm - 16:30 pm', '地点 徐汇区 武康大楼',
'img/event 6.jpg', '', 'img/transparent.png',
'请放慢自己的脚步，跟随自己的心，用眼睛去重新发现这个有很多故事的上海。', 23, 31,
0,1,1,0,1,0,
'喜欢漫步找寻曾经的华美
喜欢细细品味当下的静谧
一边游走
一边记录
碰到喜欢的小店就走进去点一杯咖啡
庸懒的享受一整个下午的时光
如果你也喜欢
一起结伴同行吧? ',
'2019年5月13-19日', '2019年5月18日', '五月13至19日',
1),

  (7, '世纪公园踏春', '做游戏-K歌',
'2019.05.18 周六', '12:00 pm - 19:00 pm', '地点 浦东新区 上海世纪公园',
'img/event 7.jpg', '', 'img/transparent.png',
'世纪公园里已经色彩缤纷，到处散发着安静祥和的气息。', 23, 31,
0,0,1,0,0,0,
'行程计划：
11:50 世纪公园门口集合
12:00-12:30 自我介绍
12:30-13:30 做游戏
13:30-15:30 公园散步聊天
15:30-19:00附近KTV欢唱
活动结束后想用餐的附近AA,不想用餐的各回各家，下次再见！',
'2019年5月13-19日', '2019年5月18日', '五月13至19日',
1),

(8, '儿童慈善徒步运动', '',
'2019.05.18 周六', '12:00 pm - 19:00 pm', '任何户外地点',
'img/walkathon.png', '（来自：上海市环境监测中心）', 'img/SourceSHEnvironmentLogo.jpg',
'步行4000-7000步。 我们将代表您向上海联合基金会捐款！独自行走或与您的朋友和家人一起散步，并使用微信步数记录您步数！', 23, 31,
1,1,1,0,0,1,
'我们将捐钱给上海联劝公益基金会，它的使命是：授权捐助者支持中国的基层非政府组织目前，大多数基层非政府组织缺乏有效的专业筹款方法，大多数中国官方基金会提供的补助机会非常有限。 由此产生的资金缺口迫使他们将不成比例的时间集中在维持其组织的运作上。 因此，他们通常既没有精力也没有资金进行大规模筹款活动，或者专注于改善其计划的影响。 上海联劝公益基金会（SUF）专注于为基层非政府组织筹集资金，以减轻限制有前途组织增长和影响的大部分财政负担。',
'2019年5月13-19日', '2019年5月18日', '五月13至19日',
1),

(1, 'cohort2', '骑行最美茶海小径',
'2019.05.13 - 05.18', '每天 07:30 am - 19:30 pm', '地点 长宁区 虹桥路地铁站',
'img/event 1.jpg', '', 'img/transparent.png',
'乘坐巴士，到距离上海不远的小城宜兴, 深藏着一个自行车主题公园。 这里是江苏第一个自行车主题公园。', 23, 31,
0,1,1,0,0,0,
'行程安排：
7:40 开始在指定地点签到集合，自由交流。（记得调好闹钟，不要迟到哦，迟到将错过车和活动）
7:50 准时出发，领队在车上介绍行程，并组织大家自我介绍相互认识，一路欢歌笑语奔赴小城宜兴。
11:20 抵达自行车公园。先取车，然后一起骑行。
12:30 适时午餐，午餐请自带干粮。
16:00 回到指定地点集合，准备返程。
19:30 我们的大巴回到上海市区。大家依依惜别，下次再聚。',
'2019年5月13-19日', '2019年5月18日', '五月13至19日',
2),

(2, 'cohort2', '探索江南水乡枫泾古镇',
'2019.05.13 - 2019.05.18', '每天 08:30 am - 17:00 pm', '地点 长宁区 虹桥路地铁站',
'img/event 2.jpg', '', 'img/transparent.png',
'漫步平湖樱花小镇，探索江南水乡枫泾古镇（1天活动）。 藏着一个花团锦簇的浪漫樱花小镇。', 23, 31,
1,1,1,0,1,1,
'行程安排：
8:50 开始在指定地点签到集合，自由交流。（记得调好闹钟，不要迟到哦，迟到将错过车和活动）
9:00 准时出发，领队在车上介绍行程，并组织大家自我介绍相互认识，一路欢歌笑语奔赴平湖。
10:30 抵达樱花小镇。
12:45 逛差不多了吧？在指定地点集合啦，上车去枫泾古镇。
13:20 到达枫泾古镇景区停车场。
“枫泾寻画”是沪上新八景之一。古镇河渠纵横，清冽的河水好像一幅画布，
白墙黑瓦、廊桥街树、楼台亭阁在画布上一一呈现。
15:40 回到景区停车场集合，适时上车返程。
17:00 我们的大巴回到上海市区。大家依依惜别，下次再聚。',
'2019年5月13-19日', '2019年5月18日', '五月13至19日',
2),

(3, 'cohort2', '资助项目',
'2019.05.18 周六', '10:00 am - 20:00 pm', '地点 徐汇区 上海体育场',
'img/event 3.png', '', 'img/transparent.png',
'参加公益之家成员大会,一起集思广益如何主动去救助更多的有需要的人群。', 23, 31,
0,1,1,0,1,0,
'如果你有固定的精力来参与公益之家的事务,
例如: 每周参加一次成员大会;
一起集思广益如何主动去救助更多的有需要的人群;
无论贫富，如果你愿意将自己收入的一部分，
献出来帮助那些存在生存困难的人们，
请加入我们。',
'2019年5月13-19日', '2019年5月18日', '五月13至19日',
2),

(4, 'cohort2', '边走边聊',
'2019.05.18 周六', '14:00 pm - 17:00 pm', '地点 徐汇区 地铁到门店',
'img/event 4.jpg', '', 'img/transparent.png',
'漫步上海老街, 走过那些老建筑, 仿佛置身于那时那景那人。', 23, 31,
0,1,1,0,1,1,
'活动形式：
1、14点集合，轮流自我介绍。14：30分准时出发，
迟到的同学，自己骑车追上。或者直接到下一个休息点。
2、出发后，每3，4人，分一组，分享与交流。
3、中间设置几个休息点，有社交小游戏。
4、活动设置两个领队，一前一后，防止走散。',
'2019年5月13-19日', '2019年5月18日', '五月13至19日',
2),

(5, 'cohort2', '梧桐树下聊天交友散步',
'2019.05.15 周三', '19:30 pm - 20:30 pm', '地点 徐汇区 徐家汇',
'img/event 5.jpg', '（来自：新闻广播FM93.4）', 'img/SourceNewsRadioLogo.jpg',
'徒步路线：徐家汇——衡山路——淮海路 。扩大自己的视野，认识一些有趣的人。', 23, 31,
0,1,1,0,0,0,
'行程安排：
19:30地铁徐家汇站14号口集合，
大概半个小时左右开始今晚的徒步：衡山路-淮海路，
大家可以边走边聊，看见有趣的小店可以随便看一下，
到达陕西南路站大家依依惜别。',
'2019年5月13-19日', '2019年5月18日', '五月13至19日',
2),

(6, 'cohort2', '',
'2019.05.19 周日', '14:00 pm - 16:30 pm', '地点 徐汇区 武康大楼',
'img/event 6.jpg', '', 'img/transparent.png',
'请放慢自己的脚步，跟随自己的心，用眼睛去重新发现这个有很多故事的上海。', 23, 31,
0,1,1,0,1,0,
'喜欢漫步找寻曾经的华美
喜欢细细品味当下的静谧
一边游走
一边记录
碰到喜欢的小店就走进去点一杯咖啡
庸懒的享受一整个下午的时光
如果你也喜欢
一起结伴同行吧? ',
'2019年5月13-19日', '2019年5月18日', '五月13至19日',
2),

(7, 'cohort2', '做游戏-K歌',
'2019.05.18 周六', '12:00 pm - 19:00 pm', '地点 浦东新区 上海世纪公园',
'img/event 7.jpg', '', 'img/transparent.png',
'世纪公园里已经色彩缤纷，到处散发着安静祥和的气息。', 23, 31,
0,0,1,0,0,0,
'行程计划：
11:50 世纪公园门口集合
12:00-12:30 自我介绍
12:30-13:30 做游戏
13:30-15:30 公园散步聊天
15:30-19:00附近KTV欢唱
活动结束后想用餐的附近AA,不想用餐的各回各家，下次再见！',
'2019年5月13-19日', '2019年5月18日', '五月13至19日',
2),

(8, 'cohort2', '',
'2019.05.18 周六', '12:00 pm - 19:00 pm', '任何户外地点',
'img/walkathon.png', '（来自：上海市环境监测中心）', 'img/SourceSHEnvironmentLogo.jpg',
'如果您步行5000步，我们将以您的名义向上海联合基金会捐赠10元人民币。在此基础上每多走1000步，捐赠数额将增加10元，上限为30元。', 23, 31,
1,1,1,0,0,1,
'我们将捐钱给上海联劝公益基金会，它的使命是：授权捐助者支持中国的基层非政府组织目前，大多数基层非政府组织缺乏有效的专业筹款方法，大多数中国官方基金会提供的补助机会非常有限。 由此产生的资金缺口迫使他们将不成比例的时间集中在维持其组织的运作上。 因此，他们通常既没有精力也没有资金进行大规模筹款活动，或者专注于改善其计划的影响。 上海联劝公益基金会（SUF）专注于为基层非政府组织筹集资金，以减轻限制有前途组织增长和影响的大部分财政负担。',
'2019年5月13-19日', '2019年5月18日', '五月13至19日',
2),

(10, '儿童慈善徒步运动', '',
'2019.08.24 周六', '00:00 am - 11:59 pm', '任何户外地点',
'img/walkathon.png', '', 'img/transparent.png',
'如果您步行1000步，我们将以您的名义向中国儿童少年基金会捐赠2元人民币。在此基础上每多走1000步，捐赠数额将增加2元，上限为30元。', 22, 32,
1,1,1,0,0,1,
'中国儿童少年基金会，成立于1981年7月28日，是新中国成立后的第一家国家级公募基金会，隶属于全国妇联，在中国基金会序列中，被民政部评定为最高等级——5A级。',
'2019年8月19-25日', '2019年8月24日', '八月19至25日',
3),

(11, '凤县', '秦蜀咽喉 汉北锁钥',
'2019.08.24 周六', '10:00 am - 18:00 pm', '地点 宝鸡市凤县',
'img/xian1.jpg', '', 'img/transparent.png',
'县古称“凤州，是宝鸡的著名旅游圣地。无论你是向往人文还是自然，这里都能满足你！', 22, 32,
1,1,1,0,0,1,
'long description',
'2019年8月19-25日', '2019年8月24日', '八月19至25日',
3),

(12, '乾坤湾', '爱情岛',
'2019.08.24 周六', '10:00 am - 18:00 pm', '地点 大荔县乾坤湾',
'img/xian2.jpg', '', 'img/transparent.png',
'坤湾依托黄河支流，形成了自然又神秘的河道图案，与其同样拥有神秘色彩的爱情岛与乾坤湾隔湖相望。', 22, 32,
1,1,1,0,0,1,
'long description',
'2019年8月19-25日', '2019年8月24日', '八月19至25日',
3),

(13, '儿童慈善徒步运动', '',
'2019.10.12 周六', '00:00 am - 11:59 pm', '任何户外地点',
'img/walkathon.png', '', 'img/transparent.png',
'如果您步行1000步，我们将以您的名义向上海联合基金会捐赠2元人民币。在此基础上每多走1000步，捐赠数额将增加2元，上限为30元。', 17, 23,
1,1,1,0,0,1,
'中国儿童少年基金会，成立于1981年7月28日，是新中国成立后的第一家国家级公募基金会，隶属于全国妇联，在中国基金会序列中，被民政部评定为最高等级——5A级。',
'2019年10月07-13日', '2019年10月12日', '十月07至13日',
4),

(14, 'City Walk', '逛吃上海最浪漫的文艺道路',
'2019.10.12 周六 - 2019.10.13 周日', '14:00 pm - 18:00 pm', '地点 虹口区 海伦路地铁口',
'img/shanghai2.jpg', '', 'img/transparent.png',
'既有鲁迅公园、1933、多伦路文化名人街的文化底蕴，又有甜爱路、网红餐厅、山阴路的浪漫风情。报名公众号：A伙伴', 17, 23,
1,1,1,0,0,1,
'long description',
'2019年10月07-13日', '2019年10月12日', '十月07至13日',
4),

(15, '滨江', '骑行',
'2019.10.13 周日', '18:30 pm - 21:00 pm', '地点 黄浦区中山东一路',
'img/shanghai5.jpg', '', 'img/transparent.png',
'一辆单车，一个背包即可出行，简单又环保;和谁一起骑行也很重要， 我们是一群爱生活的小伙伴,也欢迎你加入。参加活动：联系人xiao xiao，微信luoleilai2。', 17, 23,
1,1,1,0,0,1,
'long description',
'2019年10月07-13日', '2019年10月12日', '十月07至13日',
4),

(16, '边走边聊认识新朋友', '之黄浦滨江线8公里',
'2019.10.12 周六 - 2019.10.13 周日', '18:30 pm - 21:30 pm', '地点 黄浦区 耀华路地铁站',
'img/shanghai3.jpg', '', 'img/transparent.png',
'这是一条很长的滨江线，可以吹着江风，看着夜上海的灯火辉煌，一边和不同行业的小伙伴边走边聊。参加活动：18:30耀华路地铁站集合。', 17, 23,
1,1,1,0,0,1,
'long description',
'2019年10月07-13日', '2019年10月12日', '十月07至13日',
4),

(17, '夜徒法租界', '梧桐树下聊天交友散步',
'2019.10.09 周三', '19:30 pm - 21:00 pm', '地点 徐汇区 徐家汇',
'img/shanghai4.jpg', '', 'img/transparent.png',
'白天忙着上班，晚上如果有空就出来走走吧，同时一起聊聊天，扩大自己的视野，认识一些有趣的人。徒步路线：徐家汇——衡山路——淮海路。参加活动：19:30地铁徐家汇站14号口集合。', 17, 23,
1,1,1,0,0,1,
'long description',
'2019年10月07-13日', '2019年10月12日', '十月07至13日',
4),

(18, '古镇探索 ', '探秘上海千年古镇--朱家角',
'2019.10.12 周六', '14:00 pm - 17:00 pm', '地点 青浦区 朱家角古镇',
'img/shanghai1.jpg', '', 'img/transparent.png',
'朱家角，坐落在上海青浦区境内。宋元时期形成集镇，名朱家村，明朝称为珠里、珠溪，清称为珠蔚，民国时米市最为鼎盛。参加活动：加主办方微信daoxiang866，进群了解更多活动信息。', 17, 23,
1,1,1,0,0,1,
'long description',
'2019年10月07-13日', '2019年10月12日', '十月07至13日',
4),

(19, '夜徒外滩', '黄埔江畔聊天交友散步',
'2019.10.12 周六', '19:00 pm - 21:00 pm', '地点 虹口区 天潼路地铁站',
'img/shanghai6.jpg', '', 'img/transparent.png',
'徒步路线：天潼路站- 河南北路-北 苏州路-乍浦路桥-南苏州路- 中山东一路- 中山东二路-中山南路。路程大约2-3小时，建议穿舒适运动鞋或平底鞋。参加活动：报名添加微信quranclub，并注明“外滩”。每周六19:00天潼路地铁站集合。', 17, 23,
1,1,1,0,0,1,
'long description',
'2019年10月07-13日', '2019年10月12日', '十月07至13日',
4),

(20, '儿童慈善徒步运动', '',
'2019.11.16 周六', '00:00 am - 11:59 pm', '任何户外地点',
'img/walkathon.png', '', 'img/transparent.png',
'如果您步行1000步，我们将以您的名义向上海联合基金会捐赠2元人民币。在此基础上每多走1000步，捐赠数额将增加2元，上限为30元。', -3, 10,
1,1,1,0,0,1,
'中国儿童少年基金会，成立于1981年7月28日，是新中国成立后的第一家国家级公募基金会，隶属于全国妇联，在中国基金会序列中，被民政部评定为最高等级——5A级。',
'2019年11月11-17日', '2019年11月16日', '十一月11至17日',
5),

(21, '遇见浪漫旋转木马，', '感受黄浦江的风',
'2019.11.16 周六', '19:00 pm - 21:00 pm', '地点 龙华中路地铁站6号口',
'img/shv2_event1.jpg', '', 'img/transparent.png',
'徒步路线长约4公里，耗时大约2个小时。添加微信号：redhot121 备注：豆瓣夜徒', -3, 10,
1,1,1,0,0,1,
'long description',
'2019年11月11-17日', '2019年11月16日', '十一月11至17日',
5),

(22, '每周日陆家嘴江边', '一起来锻炼',
'2019.11.17 周日', '08:00 am - 22:30 pm', '地点 浦东新区 杨家渡渡口',
'img/shv2_event2.jpg', '', 'img/transparent.png',
'我们会带上专业的健身教练为大家提供健身指导，免费带大家锻炼。添加微信号：chenxiao_6598  备注: 豆瓣 江边锻炼 ', -3, 10,
1,1,1,0,0,1,
'long description',
'2019年11月11-17日', '2019年11月16日', '十一月11至17日',
5),

(23, '夜跑', '',
'2019.11.11 周三 - 2019.11.17 周日', '07:30 am - 21:00 pm', '地点 闵行区 上海康城',
'img/shv2_event3.jpg', '', 'img/transparent.png',
'让我们一起夜跑进入百公里、千公里俱乐部吧！添加微信号：pei1711944147 备注：夜跑', -3, 10,
1,1,1,0,0,1,
'long description',
'2019年11月11-17日', '2019年11月16日', '十一月11至17日',
5),

(24, '第十三届全国菊花展览会', '志愿者招募',
'2019.11.11 周三 - 2019.11.17 周日', '09:00 am - 17:00 pm', '地点 杨浦区 军工路2000号',
'img/shv2_event4.jpg', '', 'img/transparent.png',
'为集全社会之力办好本次菊花盛会，第十三届中国菊花展览会组委会将筹建中国菊花展志愿者队伍，从事活动期间的各类务工作。电话咨询：021-65740710 联系人：魏老师 李老师', -3, 10,
1,1,1,0,0,1,
'long description',
'2019年11月11-17日', '2019年11月16日', '十一月11至17日',
5),

(25, '看看别人的世界之边走边聊：', '滨江线行走八公里',
'2019.11.17 周日', '06:30 pm - 21:30 pm', '地点 浦东新区 中华艺术宫-4口',
'img/shv2_event4.jpg', '', 'img/transparent.png',
'这是一条很长的滨江线，可以吹着江风，看着夜上海的灯火辉煌。添加微信号：pei1711944147 备注：夜跑', -3, 10,
1,1,1,0,0,1,
'long description',
'2019年11月11-17日', '2019年11月16日', '十一月11至17日',
5),

(26, '游走魔都 ', '',
'2019.11.17 周日', '13:30 pm - 16:30 pm', '地点 徐汇区 武康大楼',
'img/shv2_event6.jpg', '', 'img/transparent.png',
'请放慢自己的脚步，跟随自己的心，用眼睛去重新发现这个有很多故事的上海。添加微信号:iami-keats  备注: 游走活动', -3, 10,
1,1,1,0,0,1,
'long description',
'2019年11月11-17日', '2019年11月16日', '十一月11至17日',
5);

CREATE TABLE pages (
  id INTEGER PRIMARY KEY AUTOINCREMENT,
  day INTEGER NOT NULL,
  page INTEGER NOT NULL,
  question_name TEXT NOT NULL,
  cohort INTEGER NOT NULL
);

INSERT INTO pages (day, page, question_name, cohort)
VALUES
  (1, 1, 'walkathonInterest', 5),
  (1, 1, 'walkathonSteps', 5),
  (1, 2, 'weatherStarCountGroup1Input', 5),
  (1, 2, 'weatherStarCountGroup2Input', 5),
  (1, 2, 'weatherStarCountGroup3Input', 5),
  (1, 2, 'weatherStarCountGroup4Input', 5),
  (1, 3, 'blueGraySky', 5),
  (1, 4, 'starCountGroup1Input', 5),
  (1, 4, 'starCountGroup2Input', 5),
  (1, 4, 'starCountGroup3Input', 5),
  (1, 4, 'starCountGroup4Input', 5),
  (1, 4, 'starCountGroup5Input', 5),
  (1, 4, 'starCountGroup6Input', 5),
  (1, 5, 'exellentAQAmount', 5),
  (1, 6, 'trustOptionsOrder', 5),
  (1, 6, 'dontKnowFamilyFriends', 5),
  (1, 6, 'trust1', 5),
  (1, 6, 'dontKnowStrangers', 5),
  (1, 6, 'trust2', 5),
  (1, 6, 'dontKnowForeigners', 5),
  (1, 6, 'trust3', 5),
  (1, 6, 'dontKnowMedia', 5),
  (1, 6, 'trust4', 5),
  (1, 6, 'dontKnowGovernment', 5),
  (1, 6, 'trust5', 5),
  (1, 6, 'dontKnowHS', 5),
  (1, 6, 'trust6', 5),
  (1, 6, 'dontKnowNGO', 5),
  (1, 6, 'trust7', 5),
  (1, 6, 'dontKnowCorporation', 5),
  (1, 6, 'trust8', 5),
  (1, 7, 'willingnessAmount', 5),
  (1, 7, 'donationWillingness', 5),

  (2, 0, 'correctAnswerAtCheckpoints', 5),
  (2, 1, 'eventNameOrder', 5),
  (2, 1, 'eventName', 5),
  (2, 2, 'signUpFeeAmount', 5),
  (2, 3, 'outingLocation', 5),
  (2, 3, 'outingTransportation', 5),
  (2, 3, 'outingTemperature', 5),
  (2, 3, 'outingAirQuality', 5),
  (2, 3, 'outingFriends', 5),
  (2, 4, 'newsSourceDomesticWebsite', 5),
  (2, 4, 'newsSourceForeignWebsite', 5),
  (2, 4, 'newsSourceDomesticMedia', 5),
  (2, 4, 'newsSourceForeignMedia', 5),
  (2, 4, 'newsSourceChatWithFriends', 5),
  (2, 5, 'trustOptionsOrder', 5),
  (2, 5, 'dontKnowPeoplesDaily', 5),
  (2, 5, 'trustPeoplesDaily', 5),
  (2, 5, 'dontKnowSHRelease', 5),
  (2, 5, 'trustSHRelease', 5),
  (2, 5, 'dontKnowSTV', 5),
  (2, 5, 'trustSTV', 5),
  (2, 5, 'dontKnowSEMC', 5),
  (2, 5, 'trustSEMC', 5),
  (2, 5, 'dontKnowCNTA', 5),
  (2, 5, 'trustCNTA', 5),
  (2, 5, 'dontKnowNYT', 5),
  (2, 5, 'trustNYT', 5),
  (2, 6, 'gender', 5),
  (2, 6, 'birthYear', 5),
  (2, 6, 'province', 5),
  (2, 6, 'city', 5),
  (2, 6, 'university', 5),
  (2, 6, 'otherUniAnswer', 5),
  (2, 6, 'liveOnCampus', 5),
  (2, 6, 'address', 5),
  (2, 6, 'dormName', 5),
  (2, 6, 'otherMailInfo', 5),
  (2, 6, 'major', 5),
  (2, 6, 'grade', 5),

  (3, 0, 'correctAnswerAtCheckpoints', 5),
  (3, 1, 'eventLocationOrder', 5),
  (3, 1, 'eventLocation', 5),
  (3, 2, 'donationWilling', 5),
  (3, 3, 'activity1', 5),
  (3, 3, 'activity2', 5),
  (3, 3, 'activity3', 5),
  (3, 3, 'outdoorTime', 5),
  (3, 3, 'exerciseTime', 5),
  (3, 3, 'beenToCountries', 5),
  (3, 4, 'newsQuestionsOrder', 5),
  (3, 4, 'event1HasHappened', 5),
  (3, 4, 'event2HasHappened', 5),
  (3, 4, 'event3HasHappened', 5),
  (3, 4, 'event4HasHappened', 5),
  (3, 4, 'event5HasHappened', 5),

  (4, 0, 'correctAnswerAtCheckpoints', 5),
  (4, 1, 'timeOrder', 5),
  (4, 1, 'eventTime', 5),
  (4, 2, 'signUpFee', 5),

  (5, 0, 'correctAnswerAtCheckpoints', 5),
  (5, 1, 'tempOrder', 5),
  (5, 1, 'eventTemp', 5),
  (5, 2, 'signUpFee', 5),

  (6, 0, 'correctAnswerAtCheckpoints', 5),
  (6, 1, 'secondEventNextButton', 5),
  (6, 2, 'walkathonNextButton', 5),
  (6, 3, 'eventAQLevel', 5),
  (6, 3, 'checkAQSourceOptionsOrder', 5),
  (6, 3, 'checkAQSource', 5),
  (6, 4, 'blueGraySky', 5),
  (6, 5, 'starCountGroup1Input', 5),
  (6, 5, 'starCountGroup2Input', 5),
  (6, 5, 'starCountGroup3Input', 5),
  (6, 5, 'starCountGroup4Input', 5),
  (6, 5, 'starCountGroup5Input', 5),
  (6, 5, 'starCountGroup6Input', 5),
  (6, 6, 'walkathonInterest', 5),
  (6, 6, 'walkathonSteps', 5),
  (6, 7, 'outingLocation', 5),
  (6, 7, 'outingTransportation', 5),
  (6, 7, 'outingTemperature', 5),
  (6, 7, 'outingAirQuality', 5),
  (6, 7, 'outingFriends', 5),
  (6, 8, 'otherSource', 5),
  (6, 8, 'otherSourceNumberOfTimes', 5),
  (6, 8, 'otherWeatherSource', 5),
  (6, 8, 'weatherNumberOfTimes', 5),
  (6, 9, 'weatherInfoFrom', 5),
  (6, 10, 'notReportingProbability', 5),
  (6, 10, 'questionOrder', 5),
  (6, 11, 'trustOptionsOrder', 5),
  (6, 11, 'dontKnowPeoplesDaily', 5),
  (6, 11, 'trustPeoplesDaily', 5),
  (6, 11, 'dontKnowMorningPost', 5),
  (6, 11, 'trustMorningPost', 5),
  (6, 11, 'dontKnowFM', 5),
  (6, 11, 'trustFM', 5),
  (6, 11, 'dontKnowSEMC', 5),
  (6, 11, 'trustSEMC', 5),
  (6, 11, 'dontKnowCNTA', 5),
  (6, 11, 'trustCNTA', 5),
  (6, 11, 'dontKnowNYT', 5),
  (6, 11, 'trustNYT', 5),

  (7, 1, 'blueGraySky', 5),
  (7, 2, 'starCountGroup1Input', 5),
  (7, 2, 'starCountGroup2Input', 5),
  (7, 2, 'starCountGroup3Input', 5),
  (7, 2, 'starCountGroup4Input', 5),
  (7, 2, 'starCountGroup5Input', 5),
  (7, 2, 'starCountGroup6Input', 5),
  (7, 3, 'walkathonInterest', 5),
  (7, 3, 'walkathonSteps', 5),
  (7, 4, 'whoToldMeWrongAnswers', 5),
  (7, 4, 'whoToldMe', 5),
  (7, 4, 'checkBeanNumberSourceButton', 5),
  (7, 4, 'guessedBeanNumber', 5),
  (7, 5, 'math1Answer', 5),
  (7, 5, 'math1timeover', 5),
  (7, 5, 'math2Answer', 5),
  (7, 5, 'math2timeover', 5),
  (7, 5, 'math3Answer', 5),
  (7, 5, 'math3timeover', 5),
  (7, 5, 'math4Answer', 5),
  (7, 5, 'math4timeover', 5),
  (7, 5, 'math5Answer', 5),
  (7, 5, 'math5timeover', 5),

  (8, 1, 'blueGraySky', 5),
  (8, 2, 'questionOrder', 5),
  (8, 2, 'starCountGroup1Input', 5),
  (8, 2, 'starCountGroup2Input', 5),
  (8, 2, 'starCountGroup3Input', 5),
  (8, 2, 'starCountGroup4Input', 5),
  (8, 2, 'starCountGroup5Input', 5),
  (8, 2, 'starCountGroup6Input', 5),
  (8, 3, 'trustOptionsOrder', 5),
  (8, 3, 'dontKnowPeoplesDaily', 5),
  (8, 3, 'trustPeoplesDaily', 5),
  (8, 3, 'dontKnowMorningPost', 5),
  (8, 3, 'trustMorningPost', 5),
  (8, 3, 'dontKnowFM', 5),
  (8, 3, 'trustFM', 5),
  (8, 3, 'dontKnowSEMC', 5),
  (8, 3, 'trustSEMC', 5),
  (8, 3, 'dontKnowCNTA', 5),
  (8, 3, 'trustCNTA', 5),
  (8, 3, 'dontKnowNYT', 5),
  (8, 3, 'trustNYT', 5);

CREATE TABLE werun (
  id INTEGER PRIMARY KEY AUTOINCREMENT,
  user_id INTEGER NOT NULL,
  installed TEXT,
  steps INTEGER
);




















--------
